order_id,order_date,email,product_sku,quantity,unit_price,total_amount,payment_method,store_id,promo_code,discount_pct,loyalty_points
US732098,03/22/2025,alex.johnson9808@gmail.com,GADGET-47,1,162.61,130.09,google_pay,STORE_118,SAVE20,20.0,200.0
US735795,03/22/2025,jane.johnson9753@outlook.com,GADGET-16,2,64.75,129.5,bank_transfer,STORE_112,,,
US734513,03/22/2025,jane.williams6275@gmail.com,GADGET-29,5,182.95,731.8,google_pay,STORE_106,SAVE20,20.0,200.0
US736201,03/22/2025,david.williams6594@gmail.com,GADGET-33,5,253.61,1268.05,paypal,STORE_109,,,
US727500,03/22/2025,jane.johnson6622@email.com,GADGET-50,3,156.55,375.72,credit_card,STORE_118,SAVE20,20.0,200.0
US738615,03/22/2025,chris.williams8258@email.com,GADGET-42,1,156.8,156.8,apple_pay,STORE_111,,,
US735288,03/22/2025,alex.williams1791@email.com,GADGET-29,1,296.2,296.2,credit_card,STORE_111,,,
US730210,03/22/2025,david.brown7630@yahoo.com,GADGET-66,3,297.38,669.11,paypal,STORE_104,VIP25,25.0,250.0
US740418,03/22/2025,john.miller9961@email.com,GADGET-21,2,89.78,179.56,apple_pay,STORE_115,,,
US729082,03/22/2025,sam.smith6565@outlook.com,GADGET-21,2,184.92,369.84,credit_card,STORE_115,,,
US738624,03/22/2025,maria.johnson6390@outlook.com,GADGET-18,1,89.26,89.26,google_pay,STORE_111,,,
US729891,03/22/2025,alex.johnson6902@email.com,GADGET-53,3,74.78,224.34,bank_transfer,STORE_112,,,
US738559,03/22/2025,maria.johnson7775@gmail.com,GADGET-38,2,195.98,391.96,credit_card,STORE_120,,,
US737837,03/22/2025,alex.johnson9713@outlook.com,GADGET-23,1,158.68,158.68,google_pay,STORE_114,,,
US740159,03/22/2025,sam.williams3168@yahoo.com,GADGET-19,4,231.87,927.48,apple_pay,STORE_110,,,
US730139,03/22/2025,lisa.brown2184@outlook.com,GADGET-38,5,90.1,360.4,apple_pay,STORE_108,SAVE20,20.0,200.0
US736629,03/22/2025,chris.williams2496@gmail.com,GADGET-22,5,106.48,532.4,credit_card,STORE_106,,,
US733584,03/22/2025,sam.smith7358@yahoo.com,GADGET-12,5,230.7,1153.5,bank_transfer,STORE_118,,,
US729066,03/22/2025,david.williams6235@yahoo.com,GADGET-49,5,51.56,257.8,paypal,STORE_111,,,
US734892,03/22/2025,jane.williams1593@gmail.com,GADGET-42,3,119.73,359.19,paypal,STORE_118,,,
US737671,03/22/2025,john.jones4329@email.com,GADGET-04,4,188.86,755.44,bank_transfer,STORE_119,,,
US735098,03/22/2025,lisa.jones5933@email.com,GADGET-58,5,246.48,1109.16,paypal,STORE_114,SAVE10,10.0,100.0
US740636,03/22/2025,lisa.smith3746@outlook.com,GADGET-56,5,45.65,171.19,paypal,STORE_107,VIP25,25.0,250.0
US728572,03/22/2025,john.jones4330@gmail.com,GADGET-18,3,159.5,358.88,google_pay,STORE_116,VIP25,25.0,250.0
US731546,03/22/2025,sam.brown2144@email.com,GADGET-47,5,54.01,270.05,apple_pay,STORE_117,,,
US728327,03/22/2025,john.williams1486@gmail.com,GADGET-45,5,132.24,495.9,bank_transfer,STORE_110,VIP25,25.0,250.0
US728058,03/22/2025,maria.johnson1809@yahoo.com,GADGET-01,4,64.38,257.52,bank_transfer,STORE_105,,,
US740102,03/22/2025,jane.johnson3833@gmail.com,GADGET-06,3,161.78,388.27,paypal,STORE_101,SAVE20,20.0,200.0
US727168,03/22/2025,alex.johnson7279@email.com,GADGET-58,1,171.5,137.2,google_pay,STORE_107,SAVE20,20.0,200.0
US734094,03/22/2025,maria.smith7046@email.com,GADGET-78,2,88.27,150.06,apple_pay,STORE_101,WELCOME15,15.0,150.0
US738801,03/22/2025,alex.smith176@outlook.com,GADGET-03,4,129.59,414.69,credit_card,STORE_105,SAVE20,20.0,200.0
US729820,03/22/2025,john.williams3235@email.com,GADGET-10,5,56.49,282.45,credit_card,STORE_116,,,
US740610,03/22/2025,chris.johnson3990@gmail.com,GADGET-77,2,151.31,302.62,bank_transfer,STORE_119,,,
US731488,03/22/2025,chris.williams449@email.com,GADGET-15,4,192.88,771.52,google_pay,STORE_110,,,
US736647,03/22/2025,chris.miller6712@outlook.com,GADGET-24,5,275.3,1032.38,bank_transfer,STORE_114,VIP25,25.0,250.0
US731548,03/22/2025,david.miller474@email.com,GADGET-27,4,176.29,528.87,google_pay,STORE_103,VIP25,25.0,250.0
US738339,03/22/2025,sam.johnson916@yahoo.com,GADGET-26,5,145.58,727.9,credit_card,STORE_102,,,
US736261,03/22/2025,john.johnson8126@gmail.com,GADGET-77,2,231.73,370.77,paypal,STORE_101,SAVE20,20.0,200.0
US736232,03/22/2025,maria.williams2802@gmail.com,GADGET-17,4,298.13,1192.52,google_pay,STORE_113,,,
US728386,03/22/2025,maria.jones344@gmail.com,GADGET-54,4,49.53,198.12,apple_pay,STORE_104,,,
US739837,03/22/2025,jane.jones7970@gmail.com,GADGET-09,5,46.99,234.95,apple_pay,STORE_102,,,
US731406,03/22/2025,sam.miller2399@outlook.com,GADGET-14,1,80.33,72.3,bank_transfer,STORE_108,SAVE10,10.0,100.0
US734411,03/22/2025,john.williams3728@yahoo.com,GADGET-10,1,100.88,100.88,google_pay,STORE_111,,,
US728208,03/22/2025,david.williams1586@email.com,GADGET-58,2,140.03,280.06,apple_pay,STORE_115,,,
US740557,03/22/2025,david.brown9992@outlook.com,GADGET-76,1,162.94,162.94,bank_transfer,STORE_103,,,
US736365,03/22/2025,john.brown3134@email.com,GADGET-35,4,207.77,831.08,apple_pay,STORE_119,,,
US737622,03/22/2025,chris.johnson1307@outlook.com,GADGET-29,5,282.43,1412.15,bank_transfer,STORE_110,,,
US731199,03/22/2025,sam.johnson3464@email.com,GADGET-56,4,122.51,490.04,google_pay,STORE_115,,,
US730574,03/22/2025,lisa.miller5366@gmail.com,GADGET-51,4,118.06,472.24,credit_card,STORE_118,,,
US729826,03/22/2025,john.williams7747@email.com,GADGET-11,2,42.62,85.24,credit_card,STORE_113,,,
US731161,03/22/2025,chris.johnson4012@outlook.com,GADGET-52,2,194.02,349.24,google_pay,STORE_109,SAVE10,10.0,100.0
US739877,03/22/2025,john.johnson7932@yahoo.com,GADGET-27,4,35.86,143.44,bank_transfer,STORE_106,,,
US727699,03/22/2025,chris.jones5015@outlook.com,GADGET-28,4,46.38,185.52,paypal,STORE_110,,,
US731451,03/22/2025,jane.smith7271@gmail.com,GADGET-56,2,111.7,178.72,google_pay,STORE_117,SAVE20,20.0,200.0
US730305,03/22/2025,chris.brown741@outlook.com,GADGET-67,5,231.04,1155.2,google_pay,STORE_101,,,
US731742,03/22/2025,maria.johnson9098@outlook.com,GADGET-31,5,177.08,664.05,bank_transfer,STORE_102,VIP25,25.0,250.0
US733745,03/22/2025,maria.williams4965@gmail.com,GADGET-17,1,133.28,113.29,bank_transfer,STORE_105,WELCOME15,15.0,150.0
US740730,03/22/2025,sam.brown7565@yahoo.com,GADGET-24,3,239.2,717.6,apple_pay,STORE_106,,,
US737346,03/22/2025,maria.williams245@outlook.com,GADGET-42,5,77.42,387.1,bank_transfer,STORE_109,,,
US732113,03/22/2025,alex.smith2219@email.com,GADGET-25,4,197.97,791.88,credit_card,STORE_106,,,
US727380,03/22/2025,lisa.miller6392@yahoo.com,GADGET-30,1,107.96,107.96,bank_transfer,STORE_115,,,
US739974,03/22/2025,jane.williams544@yahoo.com,GADGET-53,3,265.15,795.45,bank_transfer,STORE_113,,,
US735129,03/22/2025,david.johnson6964@email.com,GADGET-16,2,217.32,434.64,bank_transfer,STORE_103,,,
US734061,03/22/2025,chris.jones4061@email.com,GADGET-11,1,34.01,34.01,apple_pay,STORE_120,,,
US727593,03/22/2025,jane.williams1185@yahoo.com,GADGET-02,2,151.14,302.28,google_pay,STORE_110,,,
US732402,03/22/2025,john.johnson5814@email.com,GADGET-05,5,102.92,411.68,paypal,STORE_112,SAVE20,20.0,200.0
US733680,03/22/2025,lisa.johnson1050@outlook.com,GADGET-75,3,183.84,551.52,paypal,STORE_120,,,
US728589,03/22/2025,maria.brown6983@email.com,GADGET-33,5,224.59,1010.66,google_pay,STORE_102,SAVE10,10.0,100.0
US727784,03/22/2025,david.williams3406@outlook.com,GADGET-63,5,298.67,1493.35,bank_transfer,STORE_109,,,
US738004,03/22/2025,david.johnson9783@email.com,GADGET-75,3,295.38,753.22,credit_card,STORE_113,WELCOME15,15.0,150.0
US734002,03/22/2025,chris.williams1720@outlook.com,GADGET-53,5,52.67,263.35,paypal,STORE_103,,,
US736796,03/22/2025,maria.williams69@yahoo.com,GADGET-45,1,155.59,155.59,paypal,STORE_120,,,
US737547,03/22/2025,john.jones1194@gmail.com,GADGET-02,3,53.77,161.31,google_pay,STORE_102,,,
US740359,03/22/2025,lisa.johnson8197@gmail.com,GADGET-51,4,51.13,153.39,apple_pay,STORE_115,VIP25,25.0,250.0
US734015,03/22/2025,sam.brown1624@yahoo.com,GADGET-07,5,205.07,820.28,credit_card,STORE_120,SAVE20,20.0,200.0
US737385,03/22/2025,alex.jones7552@outlook.com,GADGET-19,2,213.19,426.38,google_pay,STORE_102,,,
US737057,03/22/2025,david.brown654@email.com,GADGET-36,3,170.79,512.37,google_pay,STORE_104,,,
US732520,03/22/2025,alex.smith3571@email.com,GADGET-42,1,148.22,148.22,paypal,STORE_101,,,
US740656,03/22/2025,alex.williams5538@outlook.com,GADGET-52,5,273.94,1369.7,bank_transfer,STORE_108,,,
US729734,03/22/2025,chris.brown6726@email.com,GADGET-14,5,52.33,261.65,paypal,STORE_102,,,
US735318,03/22/2025,maria.brown8341@gmail.com,GADGET-18,3,206.75,620.25,bank_transfer,STORE_109,,,
US733787,03/22/2025,chris.johnson3940@outlook.com,GADGET-09,1,235.55,188.44,google_pay,STORE_104,SAVE20,20.0,200.0
US726831,03/22/2025,jane.jones3111@gmail.com,GADGET-67,2,166.09,332.18,credit_card,STORE_101,,,
US735912,03/22/2025,sam.brown708@email.com,GADGET-46,4,283.25,906.4,apple_pay,STORE_113,SAVE20,20.0,200.0
US736753,03/22/2025,david.johnson5059@email.com,GADGET-31,5,216.8,1084.0,bank_transfer,STORE_114,,,
US729771,03/22/2025,lisa.jones6021@yahoo.com,GADGET-66,3,283.57,850.71,credit_card,STORE_110,,,
US734744,03/22/2025,lisa.miller6932@gmail.com,GADGET-20,4,134.37,483.73,apple_pay,STORE_104,SAVE10,10.0,100.0
US740337,03/22/2025,chris.brown6696@email.com,GADGET-07,5,231.75,1158.75,paypal,STORE_113,,,
US729979,03/22/2025,jane.miller9617@gmail.com,GADGET-21,2,268.24,536.48,credit_card,STORE_114,,,
US736244,03/22/2025,david.jones9723@yahoo.com,GADGET-65,2,192.98,347.36,google_pay,STORE_108,SAVE10,10.0,100.0
US732296,03/22/2025,john.brown1654@gmail.com,GADGET-36,2,101.14,202.28,google_pay,STORE_120,,,
US734054,03/22/2025,maria.brown1497@outlook.com,GADGET-30,1,73.52,73.52,apple_pay,STORE_113,,,
US733686,03/22/2025,maria.johnson4071@outlook.com,GADGET-17,3,283.06,849.18,credit_card,STORE_116,,,
US737031,03/22/2025,john.jones4398@gmail.com,GADGET-60,3,207.77,467.48,credit_card,STORE_117,VIP25,25.0,250.0
US739534,03/22/2025,chris.williams5989@gmail.com,GADGET-52,1,297.44,237.95,apple_pay,STORE_114,SAVE20,20.0,200.0
US731355,03/22/2025,alex.miller7306@yahoo.com,GADGET-60,5,62.39,311.95,apple_pay,STORE_111,,,
US731319,03/22/2025,david.jones2648@gmail.com,GADGET-75,3,107.09,321.27,credit_card,STORE_110,,,
US726821,03/22/2025,david.miller811@gmail.com,GADGET-29,5,273.84,1095.36,google_pay,STORE_114,SAVE20,20.0,200.0
US729731,03/22/2025,john.brown3996@yahoo.com,GADGET-52,2,226.59,453.18,google_pay,STORE_104,,,
US730048,03/22/2025,jane.williams8037@gmail.com,GADGET-03,2,212.95,425.9,apple_pay,STORE_104,,,
US729947,03/22/2025,maria.brown7719@email.com,GADGET-39,5,164.44,822.2,paypal,STORE_114,,,
US740125,03/22/2025,maria.jones7175@email.com,GADGET-24,4,128.16,512.64,bank_transfer,STORE_113,,,
US730236,03/22/2025,sam.williams7186@yahoo.com,GADGET-34,5,142.01,603.54,apple_pay,STORE_109,WELCOME15,15.0,150.0
US733577,03/22/2025,lisa.johnson1052@yahoo.com,GADGET-43,1,172.74,172.74,google_pay,STORE_112,,,
US734282,03/22/2025,maria.williams3717@gmail.com,GADGET-10,5,90.18,360.72,bank_transfer,STORE_105,SAVE20,20.0,200.0
US729087,03/22/2025,david.brown6691@outlook.com,GADGET-55,1,29.25,29.25,paypal,STORE_110,,,
US738832,03/22/2025,lisa.smith7951@email.com,GADGET-78,1,72.66,72.66,paypal,STORE_108,,,
US734634,03/22/2025,sam.miller3770@gmail.com,GADGET-65,4,196.15,666.91,google_pay,STORE_117,WELCOME15,15.0,150.0
US731370,03/22/2025,maria.williams8699@yahoo.com,GADGET-68,1,236.41,236.41,paypal,STORE_110,,,
US726879,03/22/2025,sam.johnson1619@outlook.com,GADGET-20,2,280.81,421.22,google_pay,STORE_116,VIP25,25.0,250.0
US735684,03/22/2025,david.brown1807@email.com,GADGET-75,2,140.64,281.28,bank_transfer,STORE_102,,,
US727358,03/22/2025,alex.brown5972@email.com,GADGET-67,3,91.77,275.31,apple_pay,STORE_105,,,
US737226,03/22/2025,jane.miller7433@yahoo.com,GADGET-12,4,80.52,322.08,credit_card,STORE_106,,,
US739640,03/22/2025,david.jones2612@email.com,GADGET-61,3,212.71,638.13,credit_card,STORE_112,,,
US736737,03/22/2025,alex.williams1693@outlook.com,GADGET-30,5,81.67,408.35,credit_card,STORE_113,,,
US737793,03/22/2025,david.jones8063@gmail.com,GADGET-10,5,121.28,606.4,paypal,STORE_106,,,
US731740,03/22/2025,maria.miller7333@yahoo.com,GADGET-67,2,103.69,165.9,credit_card,STORE_116,SAVE20,20.0,200.0
US732353,03/22/2025,david.brown9229@yahoo.com,GADGET-18,1,87.51,65.63,paypal,STORE_103,VIP25,25.0,250.0
US740983,03/22/2025,jane.jones1987@yahoo.com,GADGET-17,5,101.6,508.0,credit_card,STORE_116,,,
US728205,03/22/2025,john.smith513@yahoo.com,GADGET-64,3,200.37,601.11,credit_card,STORE_116,,,
US728602,03/22/2025,chris.miller9021@outlook.com,GADGET-32,4,33.56,134.24,credit_card,STORE_120,,,
US727905,03/22/2025,jane.jones3603@gmail.com,GADGET-38,3,298.65,895.95,google_pay,STORE_107,,,
US736897,03/22/2025,jane.brown1735@yahoo.com,GADGET-36,4,286.35,1145.4,apple_pay,STORE_116,,,
US738087,03/22/2025,chris.jones2759@yahoo.com,GADGET-34,1,276.35,248.72,apple_pay,STORE_107,SAVE10,10.0,100.0
US738614,03/22/2025,lisa.johnson1319@gmail.com,GADGET-72,3,235.22,564.53,credit_card,STORE_111,SAVE20,20.0,200.0
US735765,03/22/2025,david.jones2196@yahoo.com,GADGET-18,5,294.15,1470.75,google_pay,STORE_106,,,
US737527,03/22/2025,chris.jones2936@yahoo.com,GADGET-45,5,52.91,238.09,apple_pay,STORE_115,SAVE10,10.0,100.0
US733306,03/22/2025,alex.smith6503@email.com,GADGET-30,3,204.34,521.07,bank_transfer,STORE_116,WELCOME15,15.0,150.0
US735610,03/22/2025,chris.williams6338@yahoo.com,GADGET-29,1,156.92,156.92,apple_pay,STORE_114,,,
US733042,03/22/2025,david.miller2926@yahoo.com,GADGET-67,2,165.36,281.11,credit_card,STORE_108,WELCOME15,15.0,150.0
US727967,03/22/2025,john.brown3564@outlook.com,GADGET-61,5,167.45,837.25,bank_transfer,STORE_109,,,
US726927,03/22/2025,john.jones2599@email.com,GADGET-32,5,156.35,781.75,apple_pay,STORE_118,,,
US735284,03/22/2025,david.jones3095@gmail.com,GADGET-68,4,25.12,100.48,credit_card,STORE_115,,,
US736847,03/22/2025,sam.williams4333@email.com,GADGET-71,4,130.56,522.24,apple_pay,STORE_103,,,
US733609,03/22/2025,alex.smith3252@outlook.com,GADGET-10,3,95.29,285.87,paypal,STORE_102,,,
US727815,03/22/2025,john.miller5560@gmail.com,GADGET-30,2,60.52,121.04,bank_transfer,STORE_106,,,
US733681,03/22/2025,jane.miller7852@yahoo.com,GADGET-13,3,222.82,668.46,bank_transfer,STORE_113,,,
US736529,03/22/2025,chris.smith8564@email.com,GADGET-41,1,262.43,209.94,bank_transfer,STORE_101,SAVE20,20.0,200.0
US740919,03/22/2025,sam.miller7207@yahoo.com,GADGET-01,3,109.82,329.46,paypal,STORE_108,,,
US736213,03/22/2025,david.williams6881@gmail.com,GADGET-08,2,298.83,597.66,credit_card,STORE_105,,,
US731315,03/22/2025,chris.smith5019@email.com,GADGET-22,1,186.18,186.18,credit_card,STORE_110,,,
US731350,03/22/2025,lisa.williams557@yahoo.com,GADGET-40,2,147.04,249.97,bank_transfer,STORE_104,WELCOME15,15.0,150.0
US726939,03/22/2025,chris.brown8632@gmail.com,GADGET-34,4,114.0,456.0,google_pay,STORE_110,,,
US730253,03/22/2025,maria.miller2526@outlook.com,GADGET-16,5,103.25,516.25,paypal,STORE_113,,,
US733207,03/22/2025,alex.miller7852@yahoo.com,GADGET-13,1,123.9,105.31,credit_card,STORE_107,WELCOME15,15.0,150.0
US737367,03/22/2025,john.smith4716@email.com,GADGET-19,3,218.87,656.61,paypal,STORE_113,,,
US732214,03/22/2025,alex.jones8202@email.com,GADGET-27,2,221.98,443.96,credit_card,STORE_108,,,
US734680,03/22/2025,john.johnson8800@yahoo.com,GADGET-79,2,46.96,93.92,credit_card,STORE_105,,,
US734676,03/22/2025,maria.williams8753@yahoo.com,GADGET-69,1,133.32,133.32,paypal,STORE_102,,,
US729289,03/22/2025,maria.miller6519@yahoo.com,GADGET-63,4,208.83,710.02,paypal,STORE_113,WELCOME15,15.0,150.0
US727906,03/22/2025,john.brown1112@outlook.com,GADGET-28,4,153.22,612.88,credit_card,STORE_118,,,
US734660,03/22/2025,john.jones6892@outlook.com,GADGET-76,2,119.14,214.45,bank_transfer,STORE_115,SAVE10,10.0,100.0
US730511,03/22/2025,david.johnson4247@yahoo.com,GADGET-73,4,36.1,122.74,paypal,STORE_106,WELCOME15,15.0,150.0
US734745,03/22/2025,john.jones4416@email.com,GADGET-35,2,97.6,175.68,credit_card,STORE_115,SAVE10,10.0,100.0
US733993,03/22/2025,lisa.brown9278@outlook.com,GADGET-29,3,161.43,484.29,credit_card,STORE_116,,,
US734482,03/22/2025,david.miller3197@yahoo.com,GADGET-50,1,205.68,154.26,credit_card,STORE_112,VIP25,25.0,250.0
US734467,03/22/2025,david.johnson3292@outlook.com,GADGET-57,4,132.34,529.36,apple_pay,STORE_117,,,
US739033,03/22/2025,john.smith7310@outlook.com,GADGET-73,5,286.91,1219.37,credit_card,STORE_110,WELCOME15,15.0,150.0
US730148,03/22/2025,chris.miller9181@yahoo.com,GADGET-07,4,173.12,692.48,bank_transfer,STORE_103,,,
US729159,03/22/2025,lisa.jones6226@yahoo.com,GADGET-61,4,263.29,1053.16,google_pay,STORE_108,,,
US729439,03/22/2025,chris.jones1071@gmail.com,GADGET-08,2,53.6,107.2,paypal,STORE_106,,,
US731216,03/22/2025,maria.williams935@outlook.com,GADGET-12,4,185.94,743.76,apple_pay,STORE_106,,,
US727455,03/22/2025,lisa.miller8481@email.com,GADGET-26,4,31.41,125.64,apple_pay,STORE_105,,,
US731704,03/22/2025,lisa.smith7242@yahoo.com,GADGET-44,5,205.81,1029.05,apple_pay,STORE_106,,,
US730550,03/22/2025,jane.smith8905@outlook.com,GADGET-73,4,37.81,151.24,bank_transfer,STORE_110,,,
US739758,03/22/2025,alex.smith2962@outlook.com,GADGET-41,3,123.96,316.1,apple_pay,STORE_118,WELCOME15,15.0,150.0
US729440,03/22/2025,jane.brown100@outlook.com,GADGET-74,5,242.31,1211.55,bank_transfer,STORE_106,,,
US730909,03/22/2025,alex.brown7665@outlook.com,GADGET-24,2,171.75,257.62,paypal,STORE_120,VIP25,25.0,250.0
US728100,03/22/2025,jane.smith2656@email.com,GADGET-54,5,223.54,1117.7,bank_transfer,STORE_112,,,
US728057,03/22/2025,jane.miller8584@gmail.com,GADGET-44,1,114.97,103.47,paypal,STORE_119,SAVE10,10.0,100.0
US737347,03/22/2025,alex.brown6303@email.com,GADGET-38,4,216.32,865.28,apple_pay,STORE_114,,,
US736583,03/22/2025,david.jones319@email.com,GADGET-27,1,136.29,136.29,apple_pay,STORE_117,,,
US727591,03/22/2025,maria.jones1286@gmail.com,GADGET-39,3,128.18,384.54,paypal,STORE_117,,,
US735840,03/22/2025,david.smith8510@gmail.com,GADGET-04,5,138.78,693.9,bank_transfer,STORE_119,,,
US739351,03/22/2025,maria.johnson7926@gmail.com,GADGET-41,3,205.58,616.74,apple_pay,STORE_107,,,
US734394,03/22/2025,david.smith1797@yahoo.com,GADGET-39,2,35.37,63.67,paypal,STORE_118,SAVE10,10.0,100.0
US732150,03/22/2025,chris.jones7759@gmail.com,GADGET-71,2,33.44,60.19,credit_card,STORE_103,SAVE10,10.0,100.0
US727113,03/22/2025,maria.jones4186@email.com,GADGET-78,2,46.78,70.17,google_pay,STORE_113,VIP25,25.0,250.0
US736382,03/22/2025,john.brown9162@yahoo.com,GADGET-08,1,271.72,203.79,credit_card,STORE_114,VIP25,25.0,250.0
US736817,03/22/2025,maria.miller8045@yahoo.com,GADGET-42,5,89.76,448.8,credit_card,STORE_101,,,
US726937,03/22/2025,jane.johnson820@gmail.com,GADGET-11,5,181.01,905.05,apple_pay,STORE_107,,,
US732074,03/22/2025,alex.williams6942@gmail.com,GADGET-66,3,286.08,858.24,bank_transfer,STORE_115,,,
US728003,03/22/2025,john.williams6435@outlook.com,GADGET-47,3,49.58,148.74,apple_pay,STORE_110,,,
US739141,03/22/2025,lisa.jones8924@gmail.com,GADGET-39,5,59.87,269.41,bank_transfer,STORE_114,SAVE10,10.0,100.0
US735016,03/22/2025,chris.johnson1767@email.com,GADGET-44,2,173.42,346.84,apple_pay,STORE_114,,,
US728259,03/22/2025,sam.williams9608@email.com,GADGET-59,3,179.0,537.0,credit_card,STORE_118,,,
US732555,03/22/2025,sam.smith6318@email.com,GADGET-25,4,179.24,645.26,credit_card,STORE_118,SAVE10,10.0,100.0
US731902,03/22/2025,jane.smith6476@yahoo.com,GADGET-55,1,73.0,73.0,google_pay,STORE_103,,,
US739048,03/22/2025,jane.brown6044@email.com,GADGET-11,4,207.61,830.44,apple_pay,STORE_112,,,
US738681,03/22/2025,lisa.smith3753@email.com,GADGET-53,3,228.48,685.44,paypal,STORE_117,,,
US730564,03/22/2025,david.johnson7650@gmail.com,GADGET-12,1,149.64,149.64,apple_pay,STORE_114,,,
US740207,03/22/2025,maria.williams1043@yahoo.com,GADGET-16,4,107.96,431.84,bank_transfer,STORE_114,,,
US729435,03/22/2025,chris.jones8185@outlook.com,GADGET-65,5,230.72,1153.6,bank_transfer,STORE_103,,,
US738769,03/22/2025,lisa.brown3620@gmail.com,GADGET-11,1,76.82,57.61,google_pay,STORE_118,VIP25,25.0,250.0
US735544,03/22/2025,chris.smith5241@email.com,GADGET-57,5,252.3,946.12,google_pay,STORE_113,VIP25,25.0,250.0
US731308,03/22/2025,chris.miller7700@email.com,GADGET-36,4,78.18,312.72,apple_pay,STORE_119,,,
US729306,03/22/2025,lisa.jones162@gmail.com,GADGET-67,1,120.27,120.27,paypal,STORE_103,,,
US728167,03/22/2025,maria.williams2625@email.com,GADGET-61,2,30.05,60.1,apple_pay,STORE_103,,,
US732382,03/22/2025,lisa.jones2699@gmail.com,GADGET-56,5,218.97,875.88,bank_transfer,STORE_112,SAVE20,20.0,200.0
US728300,03/22/2025,chris.williams4721@gmail.com,GADGET-55,4,176.9,707.6,credit_card,STORE_106,,,
US739823,03/22/2025,maria.jones4436@outlook.com,GADGET-18,4,283.68,1021.25,bank_transfer,STORE_116,SAVE10,10.0,100.0
US734156,03/22/2025,chris.brown2886@yahoo.com,GADGET-25,1,122.66,122.66,paypal,STORE_118,,,
US729822,03/22/2025,maria.jones5664@gmail.com,GADGET-60,4,173.88,591.19,google_pay,STORE_102,WELCOME15,15.0,150.0
US738265,03/22/2025,john.smith5707@gmail.com,GADGET-22,2,125.18,250.36,apple_pay,STORE_115,,,
US731382,03/22/2025,chris.johnson3591@gmail.com,GADGET-01,5,36.68,137.55,apple_pay,STORE_105,VIP25,25.0,250.0
US730412,03/22/2025,lisa.smith9083@gmail.com,GADGET-61,4,134.78,539.12,credit_card,STORE_104,,,
US730681,03/22/2025,david.jones3678@gmail.com,GADGET-15,2,147.26,294.52,paypal,STORE_107,,,
US738202,03/22/2025,lisa.johnson3712@email.com,GADGET-46,1,26.7,26.7,google_pay,STORE_114,,,
US728119,03/22/2025,maria.williams1185@gmail.com,GADGET-40,3,228.28,684.84,bank_transfer,STORE_104,,,
US728443,03/22/2025,maria.jones2268@outlook.com,GADGET-02,1,22.19,16.64,paypal,STORE_112,VIP25,25.0,250.0
US734276,03/22/2025,maria.brown8127@gmail.com,GADGET-57,2,172.79,259.19,google_pay,STORE_114,VIP25,25.0,250.0
US732114,03/22/2025,sam.johnson9751@gmail.com,GADGET-72,5,282.51,1412.55,google_pay,STORE_118,,,
US737381,03/22/2025,sam.jones3880@outlook.com,GADGET-69,2,38.0,64.6,bank_transfer,STORE_106,WELCOME15,15.0,150.0
US729498,03/22/2025,jane.brown1931@email.com,GADGET-52,4,167.9,570.86,bank_transfer,STORE_104,WELCOME15,15.0,150.0
US728728,03/22/2025,alex.smith3704@email.com,GADGET-74,1,229.58,195.14,bank_transfer,STORE_105,WELCOME15,15.0,150.0
US737106,03/22/2025,maria.miller6567@gmail.com,GADGET-72,4,138.85,555.4,apple_pay,STORE_116,,,
US740839,03/22/2025,jane.jones8206@outlook.com,GADGET-03,1,253.1,189.82,apple_pay,STORE_109,VIP25,25.0,250.0
US734457,03/22/2025,alex.miller374@email.com,GADGET-74,2,60.03,96.05,google_pay,STORE_106,SAVE20,20.0,200.0
US729953,03/22/2025,maria.smith5576@gmail.com,GADGET-07,1,71.49,71.49,credit_card,STORE_107,,,
US728059,03/22/2025,lisa.brown9267@email.com,GADGET-14,5,168.94,844.7,credit_card,STORE_113,,,
US738493,03/22/2025,lisa.miller2107@outlook.com,GADGET-77,1,265.15,265.15,credit_card,STORE_107,,,
US733676,03/22/2025,lisa.brown8296@gmail.com,GADGET-78,5,82.05,410.25,google_pay,STORE_104,,,
US735892,03/22/2025,jane.johnson2765@gmail.com,GADGET-62,1,48.57,48.57,paypal,STORE_105,,,
US739629,03/22/2025,alex.miller2364@outlook.com,GADGET-24,5,61.16,305.8,paypal,STORE_111,,,
US726850,03/22/2025,maria.smith1605@outlook.com,GADGET-37,4,262.12,1048.48,google_pay,STORE_109,,,
US739513,03/22/2025,chris.miller4856@outlook.com,GADGET-65,1,142.39,142.39,credit_card,STORE_117,,,
US727836,03/22/2025,maria.brown8342@outlook.com,GADGET-14,5,297.84,1489.2,paypal,STORE_111,,,
US727116,03/22/2025,sam.miller4328@gmail.com,GADGET-44,3,198.21,594.63,apple_pay,STORE_111,,,
US728486,03/22/2025,chris.williams5880@outlook.com,GADGET-54,3,223.81,671.43,bank_transfer,STORE_119,,,
US734651,03/22/2025,david.brown3762@yahoo.com,GADGET-09,1,75.2,56.4,paypal,STORE_113,VIP25,25.0,250.0
US733620,03/22/2025,chris.jones5969@yahoo.com,GADGET-32,2,161.58,258.53,bank_transfer,STORE_107,SAVE20,20.0,200.0
US731607,03/22/2025,david.miller180@gmail.com,GADGET-61,1,109.64,109.64,bank_transfer,STORE_103,,,
US734662,03/22/2025,lisa.miller9313@email.com,GADGET-52,5,110.14,550.7,paypal,STORE_119,,,
US732118,03/22/2025,david.williams867@gmail.com,GADGET-73,2,293.89,587.78,google_pay,STORE_112,,,
US740360,03/22/2025,maria.smith8812@yahoo.com,GADGET-06,1,219.47,186.55,apple_pay,STORE_101,WELCOME15,15.0,150.0
US736200,03/22/2025,david.smith3132@yahoo.com,GADGET-51,4,162.15,583.74,google_pay,STORE_103,SAVE10,10.0,100.0
US740059,03/22/2025,maria.johnson211@gmail.com,GADGET-08,5,26.01,130.05,paypal,STORE_106,,,
US726840,03/22/2025,david.jones864@email.com,GADGET-79,2,167.65,335.3,google_pay,STORE_114,,,
US731457,03/22/2025,chris.miller7479@outlook.com,GADGET-13,3,69.38,208.14,google_pay,STORE_101,,,
US732215,03/22/2025,john.brown7210@gmail.com,GADGET-01,2,152.59,259.4,bank_transfer,STORE_112,WELCOME15,15.0,150.0
US739454,03/22/2025,lisa.johnson2220@email.com,GADGET-71,5,258.89,1294.45,paypal,STORE_105,,,
US738217,03/22/2025,maria.miller9602@yahoo.com,GADGET-53,3,191.92,575.76,bank_transfer,STORE_102,,,
US730609,03/22/2025,lisa.johnson2328@yahoo.com,GADGET-10,4,209.92,671.74,apple_pay,STORE_118,SAVE20,20.0,200.0
US732553,03/22/2025,david.jones7560@email.com,GADGET-51,1,222.93,178.34,paypal,STORE_116,SAVE20,20.0,200.0
US730150,03/22/2025,chris.johnson2344@email.com,GADGET-67,5,23.86,119.3,paypal,STORE_113,,,
US733469,03/22/2025,alex.williams6035@gmail.com,GADGET-50,3,142.88,428.64,paypal,STORE_118,,,
US735521,03/22/2025,jane.miller6341@yahoo.com,GADGET-50,1,248.53,211.25,bank_transfer,STORE_104,WELCOME15,15.0,150.0
US727867,03/22/2025,sam.smith4573@outlook.com,GADGET-49,5,208.54,1042.7,google_pay,STORE_118,,,
US727032,03/22/2025,lisa.jones4419@gmail.com,GADGET-10,1,279.95,223.96,bank_transfer,STORE_116,SAVE20,20.0,200.0
US732339,03/22/2025,john.williams9202@email.com,GADGET-60,3,142.13,341.11,google_pay,STORE_106,SAVE20,20.0,200.0
US735861,03/22/2025,jane.johnson5343@email.com,GADGET-07,4,43.49,173.96,paypal,STORE_110,,,
US739898,03/22/2025,david.miller8929@yahoo.com,GADGET-66,2,171.97,343.94,bank_transfer,STORE_110,,,
US734104,03/22/2025,chris.williams5012@email.com,GADGET-08,3,183.88,551.64,apple_pay,STORE_112,,,
US740348,03/22/2025,chris.brown6637@outlook.com,GADGET-55,3,115.46,277.1,credit_card,STORE_118,SAVE20,20.0,200.0
US726985,03/22/2025,john.johnson7669@email.com,GADGET-43,4,231.91,927.64,paypal,STORE_105,,,
US732095,03/22/2025,chris.brown2596@yahoo.com,GADGET-18,5,233.27,991.4,apple_pay,STORE_120,WELCOME15,15.0,150.0
US728210,03/22/2025,alex.williams2861@outlook.com,GADGET-27,1,149.24,149.24,apple_pay,STORE_113,,,
US730428,03/22/2025,jane.johnson123@yahoo.com,GADGET-62,3,150.62,451.86,bank_transfer,STORE_103,,,
US728487,03/22/2025,david.smith525@email.com,GADGET-36,2,295.34,590.68,bank_transfer,STORE_115,,,
US735210,03/22/2025,lisa.miller1927@outlook.com,GADGET-79,1,75.56,56.67,credit_card,STORE_107,VIP25,25.0,250.0
US736592,03/22/2025,jane.smith7776@yahoo.com,GADGET-12,3,234.2,702.6,apple_pay,STORE_114,,,
US730670,03/22/2025,jane.miller6074@yahoo.com,GADGET-03,2,132.4,264.8,bank_transfer,STORE_117,,,
US730828,03/22/2025,sam.miller3988@email.com,GADGET-33,2,74.89,119.82,bank_transfer,STORE_117,SAVE20,20.0,200.0
US734298,03/22/2025,sam.miller4798@outlook.com,GADGET-42,3,70.36,179.42,google_pay,STORE_119,WELCOME15,15.0,150.0
US730199,03/22/2025,chris.jones6012@yahoo.com,GADGET-01,2,250.23,500.46,bank_transfer,STORE_101,,,
US738351,03/22/2025,alex.jones3859@outlook.com,GADGET-66,2,94.32,150.91,paypal,STORE_109,SAVE20,20.0,200.0
US728829,03/22/2025,maria.williams269@outlook.com,GADGET-52,2,293.5,498.95,google_pay,STORE_114,WELCOME15,15.0,150.0
US728832,03/22/2025,alex.jones3474@gmail.com,GADGET-67,1,77.62,77.62,apple_pay,STORE_107,,,
US732813,03/22/2025,sam.jones5715@email.com,GADGET-04,3,184.96,443.9,paypal,STORE_104,SAVE20,20.0,200.0
US729207,03/22/2025,john.smith1727@email.com,GADGET-10,1,155.08,155.08,credit_card,STORE_106,,,
US732225,03/22/2025,lisa.jones9649@gmail.com,GADGET-36,4,235.72,942.88,bank_transfer,STORE_103,,,
US739832,03/22/2025,david.johnson7055@outlook.com,GADGET-55,4,252.97,1011.88,credit_card,STORE_108,,,
US726856,03/22/2025,sam.miller7539@email.com,GADGET-11,2,178.33,356.66,bank_transfer,STORE_113,,,
US731058,03/22/2025,chris.brown1331@gmail.com,GADGET-71,4,54.33,217.32,paypal,STORE_117,,,
US732503,03/22/2025,alex.brown5075@gmail.com,GADGET-23,2,61.85,123.7,paypal,STORE_112,,,
US728620,03/22/2025,jane.johnson9927@gmail.com,GADGET-77,1,219.64,219.64,apple_pay,STORE_102,,,
US735059,03/22/2025,david.miller4921@gmail.com,GADGET-74,5,56.49,282.45,paypal,STORE_111,,,
US731433,03/22/2025,david.williams1089@gmail.com,GADGET-60,4,165.12,660.48,credit_card,STORE_103,,,
US739793,03/22/2025,sam.johnson9925@email.com,GADGET-71,5,130.95,491.06,paypal,STORE_107,VIP25,25.0,250.0
US736097,03/22/2025,jane.smith6926@outlook.com,GADGET-79,1,128.19,128.19,apple_pay,STORE_118,,,
US729625,03/22/2025,john.williams9320@email.com,GADGET-23,4,46.53,148.9,paypal,STORE_116,SAVE20,20.0,200.0
US728692,03/22/2025,alex.jones6838@outlook.com,GADGET-15,2,124.88,249.76,google_pay,STORE_112,,,
US738040,03/22/2025,sam.johnson565@email.com,GADGET-69,4,119.73,478.92,google_pay,STORE_102,,,
US729914,03/22/2025,alex.smith2833@outlook.com,GADGET-61,1,249.0,249.0,paypal,STORE_120,,,
US733493,03/22/2025,sam.smith4841@yahoo.com,GADGET-21,5,234.34,1171.7,credit_card,STORE_119,,,
US731407,03/22/2025,sam.brown8180@yahoo.com,GADGET-14,4,155.53,528.8,bank_transfer,STORE_120,WELCOME15,15.0,150.0
US728760,03/22/2025,chris.johnson2727@gmail.com,GADGET-33,5,123.1,615.5,bank_transfer,STORE_111,,,
US735047,03/22/2025,lisa.smith3994@outlook.com,GADGET-72,5,92.72,463.6,apple_pay,STORE_102,,,
US738511,03/22/2025,john.smith3372@email.com,GADGET-09,2,170.37,340.74,paypal,STORE_106,,,
US727799,03/22/2025,jane.miller9762@email.com,GADGET-25,3,66.98,160.75,apple_pay,STORE_118,SAVE20,20.0,200.0
US735219,03/22/2025,lisa.williams2999@email.com,GADGET-09,4,131.95,527.8,google_pay,STORE_110,,,
US733198,03/22/2025,john.smith9132@email.com,GADGET-54,1,201.21,181.09,apple_pay,STORE_117,SAVE10,10.0,100.0
US734575,03/22/2025,john.brown7870@yahoo.com,GADGET-12,3,171.08,410.59,google_pay,STORE_120,SAVE20,20.0,200.0
US731211,03/22/2025,sam.jones9173@yahoo.com,GADGET-28,1,40.3,40.3,paypal,STORE_103,,,
US728329,03/22/2025,chris.jones6132@gmail.com,GADGET-14,4,225.63,902.52,apple_pay,STORE_107,,,
US727385,03/22/2025,alex.jones8822@email.com,GADGET-52,4,78.46,282.46,paypal,STORE_104,SAVE10,10.0,100.0
US728727,03/22/2025,maria.jones9512@email.com,GADGET-09,5,259.75,1298.75,apple_pay,STORE_106,,,
US730514,03/22/2025,jane.smith1699@outlook.com,GADGET-69,2,260.6,521.2,credit_card,STORE_118,,,
US728685,03/22/2025,sam.brown9817@yahoo.com,GADGET-43,5,157.96,789.8,google_pay,STORE_104,,,
US737087,03/22/2025,alex.jones1416@gmail.com,GADGET-34,1,114.8,114.8,google_pay,STORE_109,,,
US727436,03/22/2025,maria.williams7724@email.com,GADGET-10,1,101.42,101.42,google_pay,STORE_120,,,
US737146,03/22/2025,jane.smith4821@email.com,GADGET-10,3,131.59,335.55,bank_transfer,STORE_109,WELCOME15,15.0,150.0
US735577,03/22/2025,alex.brown4861@gmail.com,GADGET-42,2,213.27,426.54,paypal,STORE_120,,,
US731827,03/22/2025,alex.johnson9760@outlook.com,GADGET-61,5,172.47,733.0,bank_transfer,STORE_108,WELCOME15,15.0,150.0
US727427,03/22/2025,david.johnson7293@gmail.com,GADGET-01,3,44.38,133.14,apple_pay,STORE_107,,,
US735788,03/22/2025,david.brown3973@email.com,GADGET-05,5,138.66,519.97,apple_pay,STORE_102,VIP25,25.0,250.0
US727441,03/22/2025,jane.brown6823@outlook.com,GADGET-68,5,37.77,151.08,google_pay,STORE_120,SAVE20,20.0,200.0
US737924,03/22/2025,sam.brown3161@email.com,GADGET-48,1,250.41,250.41,bank_transfer,STORE_110,,,
US734214,03/22/2025,david.miller4931@yahoo.com,GADGET-34,2,66.51,133.02,paypal,STORE_114,,,
US735408,03/22/2025,john.jones6536@outlook.com,GADGET-45,2,40.89,81.78,credit_card,STORE_116,,,
US732267,03/22/2025,sam.miller1932@outlook.com,GADGET-39,1,139.97,139.97,apple_pay,STORE_101,,,
US738655,03/22/2025,jane.smith2942@email.com,GADGET-46,1,69.5,55.6,credit_card,STORE_114,SAVE20,20.0,200.0
US730610,03/22/2025,maria.johnson7831@yahoo.com,GADGET-22,2,72.63,108.94,apple_pay,STORE_119,VIP25,25.0,250.0
US726754,03/22/2025,sam.smith922@email.com,GADGET-05,1,284.97,256.47,bank_transfer,STORE_112,SAVE10,10.0,100.0
US730324,03/22/2025,lisa.smith8171@email.com,GADGET-21,5,141.18,564.72,google_pay,STORE_117,SAVE20,20.0,200.0
US730144,03/22/2025,alex.smith1172@email.com,GADGET-02,4,140.8,563.2,bank_transfer,STORE_113,,,
US729411,03/22/2025,john.williams1742@outlook.com,GADGET-15,4,232.53,930.12,paypal,STORE_101,,,
US728465,03/22/2025,alex.miller672@email.com,GADGET-08,2,206.21,412.42,bank_transfer,STORE_113,,,
US735204,03/22/2025,chris.brown4426@gmail.com,GADGET-50,2,268.31,536.62,bank_transfer,STORE_115,,,
US738464,03/22/2025,sam.miller5696@gmail.com,GADGET-74,5,232.44,1162.2,bank_transfer,STORE_106,,,
US739178,03/22/2025,alex.brown3265@email.com,GADGET-33,3,245.14,588.34,bank_transfer,STORE_101,SAVE20,20.0,200.0
US727375,03/22/2025,david.jones9288@yahoo.com,GADGET-13,3,146.06,394.36,bank_transfer,STORE_101,SAVE10,10.0,100.0
US734239,03/22/2025,john.brown7351@yahoo.com,GADGET-25,5,33.72,151.74,google_pay,STORE_102,SAVE10,10.0,100.0
US735545,03/22/2025,jane.jones3331@outlook.com,GADGET-28,1,121.58,121.58,bank_transfer,STORE_110,,,
US727046,03/22/2025,john.miller2372@yahoo.com,GADGET-18,1,141.05,141.05,apple_pay,STORE_111,,,
US729138,03/22/2025,john.miller7641@yahoo.com,GADGET-55,1,63.02,63.02,bank_transfer,STORE_111,,,
US739286,03/22/2025,david.williams7255@email.com,GADGET-76,4,193.95,775.8,bank_transfer,STORE_111,,,
US730088,03/22/2025,lisa.brown7402@yahoo.com,GADGET-79,3,79.24,213.95,apple_pay,STORE_103,SAVE10,10.0,100.0
US739440,03/22/2025,alex.smith3521@gmail.com,GADGET-10,3,194.27,582.81,paypal,STORE_104,,,
US731757,03/22/2025,john.jones4615@email.com,GADGET-11,4,113.59,454.36,bank_transfer,STORE_109,,,
US737259,03/22/2025,alex.williams5736@yahoo.com,GADGET-78,2,85.46,170.92,bank_transfer,STORE_101,,,
US729201,03/22/2025,david.smith4919@yahoo.com,GADGET-24,2,136.2,272.4,bank_transfer,STORE_111,,,
US728566,03/22/2025,david.brown1813@email.com,GADGET-32,1,78.62,70.76,google_pay,STORE_103,SAVE10,10.0,100.0
US737034,03/22/2025,jane.brown4603@email.com,GADGET-75,2,217.26,434.52,google_pay,STORE_112,,,
US735998,03/22/2025,david.williams2622@gmail.com,GADGET-63,1,136.27,122.64,credit_card,STORE_120,SAVE10,10.0,100.0
US737077,03/22/2025,alex.brown4503@outlook.com,GADGET-64,4,295.6,1182.4,paypal,STORE_118,,,
US734636,03/22/2025,sam.miller5772@email.com,GADGET-01,3,223.62,670.86,credit_card,STORE_116,,,
US732293,03/22/2025,chris.smith5731@email.com,GADGET-32,3,84.17,252.51,google_pay,STORE_101,,,
US733628,03/22/2025,maria.miller1707@email.com,GADGET-07,5,25.34,95.03,apple_pay,STORE_110,VIP25,25.0,250.0
US736401,03/22/2025,jane.jones237@yahoo.com,GADGET-62,3,156.77,470.31,apple_pay,STORE_115,,,
US731983,03/22/2025,chris.williams3486@yahoo.com,GADGET-73,1,115.67,115.67,apple_pay,STORE_119,,,
US727098,03/22/2025,jane.williams6378@yahoo.com,GADGET-07,1,109.46,109.46,apple_pay,STORE_108,,,
US729055,03/22/2025,jane.miller3694@yahoo.com,GADGET-61,1,120.4,120.4,apple_pay,STORE_109,,,
US740706,03/22/2025,chris.smith9315@outlook.com,GADGET-42,2,229.75,459.5,credit_card,STORE_103,,,
US739465,03/22/2025,alex.williams7640@outlook.com,GADGET-05,5,218.36,873.44,credit_card,STORE_117,SAVE20,20.0,200.0
US733832,03/22/2025,jane.jones7360@email.com,GADGET-73,1,265.18,265.18,paypal,STORE_101,,,
US730472,03/22/2025,chris.miller5556@email.com,GADGET-04,5,146.08,657.36,credit_card,STORE_120,SAVE10,10.0,100.0
US727490,03/22/2025,john.miller5661@gmail.com,GADGET-73,1,243.43,194.74,bank_transfer,STORE_109,SAVE20,20.0,200.0
US730568,03/22/2025,chris.williams6329@outlook.com,GADGET-42,3,189.96,569.88,apple_pay,STORE_108,,,
US735644,03/22/2025,lisa.smith2009@outlook.com,GADGET-62,3,288.41,648.92,paypal,STORE_120,VIP25,25.0,250.0
US731633,03/22/2025,lisa.johnson7581@yahoo.com,GADGET-76,4,49.36,197.44,google_pay,STORE_105,,,
US735801,03/22/2025,chris.brown9938@gmail.com,GADGET-77,2,108.88,217.76,paypal,STORE_113,,,
US730917,03/22/2025,lisa.johnson9600@outlook.com,GADGET-32,2,181.75,363.5,apple_pay,STORE_114,,,
US730969,03/22/2025,chris.miller4795@email.com,GADGET-37,2,223.48,357.57,bank_transfer,STORE_108,SAVE20,20.0,200.0
US727607,03/22/2025,lisa.jones2640@gmail.com,GADGET-67,2,95.57,191.14,credit_card,STORE_106,,,
US731143,03/22/2025,jane.jones6217@email.com,GADGET-62,2,38.7,77.4,google_pay,STORE_108,,,
US740493,03/22/2025,alex.miller7412@outlook.com,GADGET-78,2,287.04,574.08,apple_pay,STORE_117,,,
US738121,03/22/2025,maria.jones6125@email.com,GADGET-55,5,168.57,716.42,apple_pay,STORE_106,WELCOME15,15.0,150.0
US731980,03/22/2025,jane.miller7378@outlook.com,GADGET-07,4,176.09,704.36,bank_transfer,STORE_103,,,
US734419,03/22/2025,lisa.jones6873@outlook.com,GADGET-03,3,143.81,345.14,bank_transfer,STORE_103,SAVE20,20.0,200.0
US740798,03/22/2025,maria.williams7908@gmail.com,GADGET-08,2,288.81,433.22,google_pay,STORE_106,VIP25,25.0,250.0
US727849,03/22/2025,maria.jones9478@email.com,GADGET-25,1,238.36,238.36,google_pay,STORE_103,,,
US727713,03/22/2025,david.brown7479@gmail.com,GADGET-42,2,43.05,64.57,paypal,STORE_120,VIP25,25.0,250.0
US740403,03/22/2025,alex.johnson1918@outlook.com,GADGET-45,5,20.01,100.05,bank_transfer,STORE_116,,,
US739909,03/22/2025,sam.brown183@email.com,GADGET-72,5,54.25,271.25,bank_transfer,STORE_110,,,
US738697,03/22/2025,maria.miller5601@email.com,GADGET-55,2,137.91,275.82,credit_card,STORE_107,,,
US732230,03/22/2025,alex.smith9259@email.com,GADGET-26,5,157.99,789.95,google_pay,STORE_110,,,
US740444,03/22/2025,sam.miller4254@yahoo.com,GADGET-15,5,47.33,212.98,bank_transfer,STORE_113,SAVE10,10.0,100.0
US740625,03/22/2025,sam.miller662@email.com,GADGET-74,2,168.2,336.4,paypal,STORE_105,,,
US734253,03/22/2025,jane.williams1483@yahoo.com,GADGET-04,1,46.95,35.21,google_pay,STORE_102,VIP25,25.0,250.0
US730429,03/22/2025,john.williams811@yahoo.com,GADGET-17,4,82.1,295.56,paypal,STORE_107,SAVE10,10.0,100.0
US731349,03/22/2025,john.jones3049@outlook.com,GADGET-73,2,27.46,54.92,paypal,STORE_118,,,
US736427,03/22/2025,jane.brown911@yahoo.com,GADGET-52,1,147.78,147.78,google_pay,STORE_111,,,
US727709,03/22/2025,maria.miller757@outlook.com,GADGET-31,3,102.53,307.59,paypal,STORE_118,,,
US731759,03/22/2025,maria.johnson9361@yahoo.com,GADGET-63,1,244.09,244.09,paypal,STORE_108,,,
US735936,03/22/2025,maria.brown1845@email.com,GADGET-23,3,113.36,340.08,apple_pay,STORE_112,,,
US729015,03/22/2025,lisa.johnson3820@yahoo.com,GADGET-08,3,242.94,546.62,apple_pay,STORE_105,VIP25,25.0,250.0
US738177,03/22/2025,chris.jones3815@email.com,GADGET-07,4,253.77,1015.08,bank_transfer,STORE_117,,,
US727951,03/22/2025,sam.johnson9448@gmail.com,GADGET-59,4,42.45,169.8,google_pay,STORE_112,,,
US738403,03/22/2025,alex.miller6714@email.com,GADGET-71,5,253.16,1265.8,bank_transfer,STORE_116,,,
US731059,03/22/2025,david.smith9232@yahoo.com,GADGET-49,3,67.53,172.2,paypal,STORE_111,WELCOME15,15.0,150.0
US728412,03/22/2025,chris.brown5542@outlook.com,GADGET-47,3,35.04,78.84,google_pay,STORE_118,VIP25,25.0,250.0
US739060,03/22/2025,john.johnson2228@outlook.com,GADGET-21,4,102.75,369.9,bank_transfer,STORE_116,SAVE10,10.0,100.0
US737283,03/22/2025,jane.johnson3619@email.com,GADGET-45,5,223.35,1116.75,google_pay,STORE_109,,,
US735647,03/22/2025,jane.jones9206@outlook.com,GADGET-49,4,226.24,904.96,apple_pay,STORE_101,,,
US732131,03/22/2025,lisa.miller6537@email.com,GADGET-38,4,141.03,564.12,paypal,STORE_110,,,
US730983,03/22/2025,maria.jones5699@email.com,GADGET-38,4,112.9,451.6,bank_transfer,STORE_111,,,
US734228,03/22/2025,john.miller2012@outlook.com,GADGET-37,1,197.01,197.01,paypal,STORE_105,,,
US731005,03/22/2025,sam.johnson8716@gmail.com,GADGET-58,5,73.07,365.35,google_pay,STORE_103,,,
US728484,03/22/2025,alex.smith2058@gmail.com,GADGET-27,3,124.06,372.18,google_pay,STORE_106,,,
US731716,03/22/2025,john.smith2283@email.com,GADGET-45,2,221.4,354.24,credit_card,STORE_115,SAVE20,20.0,200.0
US733806,03/22/2025,lisa.brown3499@gmail.com,GADGET-25,4,209.3,627.9,paypal,STORE_103,VIP25,25.0,250.0
US727003,03/22/2025,sam.johnson3431@yahoo.com,GADGET-12,1,198.3,198.3,bank_transfer,STORE_104,,,
US730749,03/22/2025,sam.smith3684@outlook.com,GADGET-01,5,61.97,309.85,google_pay,STORE_110,,,
US729186,03/22/2025,david.miller1878@email.com,GADGET-23,2,178.43,356.86,apple_pay,STORE_108,,,
US733166,03/22/2025,david.smith5058@email.com,GADGET-38,1,136.09,136.09,apple_pay,STORE_120,,,
US735125,03/22/2025,john.jones6647@outlook.com,GADGET-41,4,273.6,820.8,paypal,STORE_108,VIP25,25.0,250.0
US729036,03/22/2025,chris.smith9101@yahoo.com,GADGET-60,1,157.92,157.92,bank_transfer,STORE_102,,,
US736537,03/22/2025,sam.smith9991@yahoo.com,GADGET-61,2,183.02,329.44,credit_card,STORE_102,SAVE10,10.0,100.0
US727769,03/22/2025,maria.williams6012@yahoo.com,GADGET-45,5,48.65,182.44,paypal,STORE_113,VIP25,25.0,250.0
US731301,03/22/2025,maria.jones9969@email.com,GADGET-61,4,58.62,187.58,google_pay,STORE_109,SAVE20,20.0,200.0
US738247,03/22/2025,jane.miller7624@email.com,GADGET-48,4,72.69,290.76,google_pay,STORE_116,,,
US738719,03/22/2025,lisa.jones2998@yahoo.com,GADGET-71,4,86.41,345.64,apple_pay,STORE_102,,,
US731764,03/22/2025,john.miller9768@email.com,GADGET-62,3,135.96,407.88,google_pay,STORE_117,,,
US740142,03/22/2025,chris.brown924@email.com,GADGET-49,3,290.77,697.85,bank_transfer,STORE_102,SAVE20,20.0,200.0
US735309,03/22/2025,sam.miller2197@gmail.com,GADGET-24,2,216.77,433.54,google_pay,STORE_109,,,
US739598,03/22/2025,john.miller4154@email.com,GADGET-16,1,263.85,263.85,bank_transfer,STORE_120,,,
US737255,03/22/2025,lisa.smith9906@outlook.com,GADGET-61,4,222.91,668.73,bank_transfer,STORE_118,VIP25,25.0,250.0
US736481,03/22/2025,jane.brown8186@yahoo.com,GADGET-74,1,126.43,113.79,credit_card,STORE_120,SAVE10,10.0,100.0
US727538,03/22/2025,chris.miller582@email.com,GADGET-78,3,127.06,381.18,credit_card,STORE_107,,,
US727729,03/22/2025,david.jones3270@outlook.com,GADGET-59,4,293.73,1174.92,apple_pay,STORE_105,,,
US736432,03/22/2025,chris.brown1926@outlook.com,GADGET-68,4,228.1,912.4,paypal,STORE_113,,,
US738066,03/22/2025,john.williams5022@yahoo.com,GADGET-20,3,266.52,719.6,credit_card,STORE_110,SAVE10,10.0,100.0
US733588,03/22/2025,alex.williams3702@outlook.com,GADGET-09,1,121.65,121.65,bank_transfer,STORE_106,,,
US732013,03/22/2025,lisa.brown5255@email.com,GADGET-13,1,209.24,209.24,paypal,STORE_118,,,
US731699,03/22/2025,jane.smith1487@gmail.com,GADGET-57,2,118.24,236.48,apple_pay,STORE_115,,,
US739459,03/22/2025,john.miller7785@outlook.com,GADGET-54,5,78.21,391.05,apple_pay,STORE_116,,,
US732591,03/22/2025,david.williams721@yahoo.com,GADGET-11,4,237.5,950.0,paypal,STORE_119,,,
US734986,03/22/2025,john.brown4639@email.com,GADGET-19,2,61.85,123.7,credit_card,STORE_110,,,
US735624,03/22/2025,alex.smith961@yahoo.com,GADGET-59,3,81.13,182.54,bank_transfer,STORE_103,VIP25,25.0,250.0
US727671,03/22/2025,alex.smith5579@gmail.com,GADGET-33,4,286.99,1147.96,apple_pay,STORE_110,,,
US728479,03/22/2025,sam.miller3932@gmail.com,GADGET-24,4,99.86,359.5,apple_pay,STORE_111,SAVE10,10.0,100.0
US738851,03/22/2025,jane.johnson1541@gmail.com,GADGET-58,3,45.78,137.34,bank_transfer,STORE_106,,,
US736646,03/22/2025,sam.williams2949@yahoo.com,GADGET-58,3,113.11,288.43,paypal,STORE_114,WELCOME15,15.0,150.0
US735503,03/22/2025,john.jones9222@gmail.com,GADGET-67,4,142.12,568.48,paypal,STORE_116,,,
US740816,03/22/2025,lisa.miller9615@gmail.com,GADGET-33,5,211.29,1056.45,credit_card,STORE_116,,,
US727248,03/22/2025,lisa.smith5624@gmail.com,GADGET-73,2,26.54,53.08,credit_card,STORE_113,,,
US732356,03/22/2025,jane.williams8004@outlook.com,GADGET-38,4,274.64,823.92,bank_transfer,STORE_109,VIP25,25.0,250.0
US734386,03/22/2025,maria.johnson6447@yahoo.com,GADGET-54,3,165.14,495.42,bank_transfer,STORE_111,,,
US733004,03/22/2025,lisa.jones8899@outlook.com,GADGET-60,3,146.74,374.19,bank_transfer,STORE_113,WELCOME15,15.0,150.0
US737829,03/22/2025,alex.smith3855@yahoo.com,GADGET-45,1,213.24,213.24,apple_pay,STORE_120,,,
US728153,03/22/2025,maria.miller4976@outlook.com,GADGET-52,3,179.5,538.5,bank_transfer,STORE_120,,,
US740949,03/22/2025,sam.brown6391@outlook.com,GADGET-02,4,225.98,903.92,google_pay,STORE_107,,,
US728323,03/22/2025,john.jones7104@gmail.com,GADGET-59,4,130.13,520.52,bank_transfer,STORE_107,,,
US734326,03/22/2025,lisa.jones5383@outlook.com,GADGET-51,1,131.05,98.29,paypal,STORE_109,VIP25,25.0,250.0
US731391,03/22/2025,chris.miller8078@outlook.com,GADGET-27,3,253.28,759.84,apple_pay,STORE_120,,,
US731140,03/22/2025,lisa.johnson314@outlook.com,GADGET-32,4,158.1,632.4,bank_transfer,STORE_110,,,
US731651,03/22/2025,lisa.brown4385@gmail.com,GADGET-40,5,172.2,861.0,google_pay,STORE_103,,,
US732307,03/22/2025,sam.smith7862@outlook.com,GADGET-30,2,38.98,77.96,bank_transfer,STORE_106,,,
US738411,03/22/2025,john.williams5945@outlook.com,GADGET-70,2,73.36,146.72,credit_card,STORE_102,,,
US738586,03/22/2025,david.johnson9635@gmail.com,GADGET-15,4,277.2,1108.8,google_pay,STORE_111,,,
US732693,03/22/2025,david.brown7221@email.com,GADGET-46,5,46.43,208.94,apple_pay,STORE_101,SAVE10,10.0,100.0
US729728,03/22/2025,lisa.smith7643@yahoo.com,GADGET-58,5,62.9,314.5,paypal,STORE_120,,,
US731858,03/22/2025,john.miller8237@yahoo.com,GADGET-12,3,168.8,405.12,paypal,STORE_116,SAVE20,20.0,200.0
US731890,03/22/2025,sam.brown804@email.com,GADGET-12,2,136.98,273.96,paypal,STORE_110,,,
US735413,03/22/2025,alex.brown1887@email.com,GADGET-01,5,20.19,80.76,credit_card,STORE_105,SAVE20,20.0,200.0
US739678,03/22/2025,david.smith3879@email.com,GADGET-75,2,73.74,117.98,google_pay,STORE_109,SAVE20,20.0,200.0
US732342,03/22/2025,lisa.williams8127@outlook.com,GADGET-75,2,119.73,239.46,google_pay,STORE_115,,,
US728942,03/22/2025,john.brown7913@email.com,GADGET-30,3,269.83,647.59,apple_pay,STORE_111,SAVE20,20.0,200.0
US734494,03/22/2025,alex.brown5571@email.com,GADGET-21,5,270.65,1353.25,google_pay,STORE_118,,,
US732088,03/22/2025,chris.miller658@email.com,GADGET-62,4,134.51,457.33,credit_card,STORE_105,WELCOME15,15.0,150.0
US734487,03/22/2025,alex.jones319@outlook.com,GADGET-34,2,81.14,162.28,google_pay,STORE_101,,,
US727350,03/22/2025,lisa.miller5311@yahoo.com,GADGET-14,2,187.34,318.48,paypal,STORE_103,WELCOME15,15.0,150.0
US730256,03/22/2025,jane.johnson1164@email.com,GADGET-48,5,20.85,78.19,bank_transfer,STORE_112,VIP25,25.0,250.0
US731796,03/22/2025,sam.brown2420@yahoo.com,GADGET-34,3,29.86,80.62,google_pay,STORE_119,SAVE10,10.0,100.0
US740054,03/22/2025,chris.miller6636@yahoo.com,GADGET-50,5,112.72,563.6,paypal,STORE_104,,,
US728860,03/22/2025,john.miller1410@yahoo.com,GADGET-50,2,234.53,469.06,credit_card,STORE_101,,,
US727866,03/22/2025,lisa.jones9013@gmail.com,GADGET-18,4,203.17,812.68,apple_pay,STORE_119,,,
US739413,03/22/2025,david.williams9002@gmail.com,GADGET-24,5,96.75,362.81,paypal,STORE_102,VIP25,25.0,250.0
US732323,03/22/2025,lisa.miller6858@gmail.com,GADGET-65,5,190.52,952.6,apple_pay,STORE_115,,,
US738887,03/22/2025,chris.johnson538@outlook.com,GADGET-58,3,271.3,813.9,google_pay,STORE_105,,,
US734414,03/22/2025,maria.jones9733@email.com,GADGET-73,5,138.03,690.15,credit_card,STORE_106,,,
US727501,03/22/2025,jane.johnson7859@email.com,GADGET-46,5,123.76,618.8,apple_pay,STORE_119,,,
US739771,03/22/2025,sam.miller7293@email.com,GADGET-27,1,90.32,76.77,apple_pay,STORE_107,WELCOME15,15.0,150.0
US733756,03/22/2025,david.johnson2900@outlook.com,GADGET-11,4,118.9,475.6,bank_transfer,STORE_119,,,
US737917,03/22/2025,lisa.miller6939@gmail.com,GADGET-45,2,50.99,101.98,credit_card,STORE_115,,,
US740203,03/22/2025,lisa.miller6899@gmail.com,GADGET-58,2,176.26,299.64,apple_pay,STORE_119,WELCOME15,15.0,150.0
US735353,03/22/2025,chris.johnson4127@outlook.com,GADGET-25,4,150.92,603.68,bank_transfer,STORE_115,,,
US738212,03/22/2025,chris.johnson9534@yahoo.com,GADGET-26,3,143.56,430.68,credit_card,STORE_106,,,
US730423,03/22/2025,maria.jones7291@outlook.com,GADGET-66,4,101.65,406.6,paypal,STORE_106,,,
US740022,03/22/2025,maria.brown2367@email.com,GADGET-67,4,62.33,199.46,google_pay,STORE_120,SAVE20,20.0,200.0
US739176,03/22/2025,alex.miller5224@gmail.com,GADGET-35,3,94.99,227.98,paypal,STORE_119,SAVE20,20.0,200.0
US730997,03/22/2025,david.miller8706@outlook.com,GADGET-76,2,219.75,439.5,apple_pay,STORE_117,,,
US734708,03/22/2025,lisa.brown9084@outlook.com,GADGET-46,4,176.04,704.16,google_pay,STORE_113,,,
US727225,03/22/2025,alex.johnson2618@outlook.com,GADGET-36,2,222.71,445.42,apple_pay,STORE_118,,,
US728390,03/22/2025,lisa.johnson4089@email.com,GADGET-23,5,143.37,716.85,bank_transfer,STORE_119,,,
US727673,03/22/2025,alex.jones8605@email.com,GADGET-55,2,108.68,217.36,paypal,STORE_108,,,
US728235,03/22/2025,alex.brown6634@gmail.com,GADGET-63,3,167.48,376.83,bank_transfer,STORE_113,VIP25,25.0,250.0
US732065,03/22/2025,alex.jones5353@gmail.com,GADGET-72,3,76.53,229.59,credit_card,STORE_116,,,
US737789,03/22/2025,chris.miller1852@email.com,GADGET-79,2,113.68,181.89,google_pay,STORE_120,SAVE20,20.0,200.0
US729355,03/22/2025,john.johnson9099@yahoo.com,GADGET-66,5,199.03,995.15,google_pay,STORE_105,,,
US736969,03/22/2025,david.williams7723@outlook.com,GADGET-35,1,150.47,150.47,paypal,STORE_101,,,
US730441,03/22/2025,sam.johnson1563@outlook.com,GADGET-07,4,279.32,1117.28,paypal,STORE_104,,,
US739890,03/22/2025,chris.smith6557@email.com,GADGET-27,2,51.35,77.03,google_pay,STORE_102,VIP25,25.0,250.0
US735352,03/22/2025,jane.williams6348@outlook.com,GADGET-23,4,268.37,912.46,paypal,STORE_116,WELCOME15,15.0,150.0
US739572,03/22/2025,alex.brown3649@outlook.com,GADGET-01,3,29.18,70.03,paypal,STORE_120,SAVE20,20.0,200.0
US732505,03/22/2025,alex.smith1106@outlook.com,GADGET-24,5,247.11,1235.55,apple_pay,STORE_115,,,
US740237,03/22/2025,chris.jones3630@yahoo.com,GADGET-15,3,195.35,468.84,bank_transfer,STORE_114,SAVE20,20.0,200.0
US732324,03/22/2025,david.smith9604@yahoo.com,GADGET-44,1,280.17,280.17,apple_pay,STORE_105,,,
US736332,03/22/2025,jane.smith6156@gmail.com,GADGET-67,2,223.12,446.24,apple_pay,STORE_112,,,
US736057,03/22/2025,chris.jones5764@gmail.com,GADGET-14,3,200.09,600.27,bank_transfer,STORE_103,,,
US735384,03/22/2025,lisa.jones7499@outlook.com,GADGET-15,3,258.18,774.54,credit_card,STORE_112,,,
US740618,03/22/2025,chris.johnson1231@yahoo.com,GADGET-13,4,190.48,685.73,paypal,STORE_116,SAVE10,10.0,100.0
US739881,03/22/2025,sam.brown7380@gmail.com,GADGET-16,1,116.68,93.34,google_pay,STORE_109,SAVE20,20.0,200.0
US729270,03/22/2025,alex.jones7357@outlook.com,GADGET-29,5,263.3,987.38,bank_transfer,STORE_104,VIP25,25.0,250.0
US731087,03/22/2025,john.jones8964@gmail.com,GADGET-46,1,297.99,253.29,bank_transfer,STORE_119,WELCOME15,15.0,150.0
US740132,03/22/2025,john.brown992@gmail.com,GADGET-57,2,266.65,533.3,credit_card,STORE_111,,,
US737008,03/22/2025,david.miller5957@outlook.com,GADGET-74,2,150.45,300.9,apple_pay,STORE_111,,,
US738225,03/22/2025,lisa.smith5472@outlook.com,GADGET-61,2,138.53,277.06,credit_card,STORE_117,,,
US736766,03/22/2025,john.brown2309@gmail.com,GADGET-04,1,111.34,111.34,credit_card,STORE_104,,,
US735437,03/22/2025,john.johnson4880@gmail.com,GADGET-50,4,148.18,592.72,credit_card,STORE_110,,,
US732664,03/22/2025,chris.brown2291@yahoo.com,GADGET-49,4,245.73,835.48,google_pay,STORE_111,WELCOME15,15.0,150.0
US730019,03/22/2025,john.johnson3266@email.com,GADGET-75,4,136.97,547.88,google_pay,STORE_114,,,
US732621,03/22/2025,maria.smith7601@yahoo.com,GADGET-54,2,40.73,81.46,paypal,STORE_108,,,
US727164,03/22/2025,lisa.williams30@yahoo.com,GADGET-39,3,72.19,162.43,paypal,STORE_105,VIP25,25.0,250.0
US729022,03/22/2025,sam.williams5349@yahoo.com,GADGET-21,5,69.63,278.52,apple_pay,STORE_109,SAVE20,20.0,200.0
US732149,03/22/2025,john.brown1174@email.com,GADGET-55,4,198.18,673.81,google_pay,STORE_111,WELCOME15,15.0,150.0
US731298,03/22/2025,sam.brown5089@outlook.com,GADGET-54,2,199.45,319.12,paypal,STORE_101,SAVE20,20.0,200.0
US737945,03/22/2025,john.williams3164@gmail.com,GADGET-63,3,73.75,165.94,bank_transfer,STORE_104,VIP25,25.0,250.0
US731969,03/22/2025,chris.jones2121@email.com,GADGET-05,2,83.82,142.49,bank_transfer,STORE_118,WELCOME15,15.0,150.0
US739950,03/22/2025,jane.miller439@email.com,GADGET-77,3,32.08,96.24,google_pay,STORE_108,,,
US727909,03/22/2025,lisa.brown6535@email.com,GADGET-21,4,83.74,267.97,apple_pay,STORE_102,SAVE20,20.0,200.0
US740881,03/22/2025,sam.brown6885@gmail.com,GADGET-67,2,61.43,92.14,bank_transfer,STORE_104,VIP25,25.0,250.0
US732636,03/22/2025,jane.johnson1081@yahoo.com,GADGET-71,3,105.45,237.26,apple_pay,STORE_112,VIP25,25.0,250.0
US728375,03/22/2025,maria.brown3731@outlook.com,GADGET-30,2,239.87,479.74,bank_transfer,STORE_116,,,
US727856,03/22/2025,david.williams8644@yahoo.com,GADGET-78,5,194.57,972.85,google_pay,STORE_106,,,
US731915,03/22/2025,lisa.smith6562@email.com,GADGET-39,3,70.09,189.24,apple_pay,STORE_114,SAVE10,10.0,100.0
US734123,03/22/2025,chris.miller5218@email.com,GADGET-31,3,182.01,546.03,credit_card,STORE_111,,,
US738571,03/22/2025,alex.miller1384@email.com,GADGET-18,3,252.4,757.2,credit_card,STORE_114,,,
US738910,03/22/2025,john.miller6840@yahoo.com,GADGET-63,2,182.0,273.0,apple_pay,STORE_119,VIP25,25.0,250.0
US728289,03/22/2025,maria.miller9840@email.com,GADGET-79,4,157.88,631.52,paypal,STORE_104,,,
US729845,03/22/2025,sam.jones6582@gmail.com,GADGET-44,4,224.27,897.08,paypal,STORE_108,,,
US729067,03/22/2025,chris.johnson5911@outlook.com,GADGET-48,4,263.03,1052.12,google_pay,STORE_105,,,
US729758,03/22/2025,john.brown5722@yahoo.com,GADGET-21,3,224.42,673.26,bank_transfer,STORE_101,,,
US733258,03/22/2025,lisa.williams1829@yahoo.com,GADGET-72,5,130.47,652.35,bank_transfer,STORE_118,,,
US738820,03/22/2025,alex.williams9257@yahoo.com,GADGET-09,1,20.54,20.54,apple_pay,STORE_119,,,
US727576,03/22/2025,lisa.brown6811@gmail.com,GADGET-09,2,37.47,67.45,credit_card,STORE_106,SAVE10,10.0,100.0
US737477,03/22/2025,david.jones995@yahoo.com,GADGET-18,3,248.36,670.57,google_pay,STORE_104,SAVE10,10.0,100.0
US729900,03/22/2025,maria.jones682@gmail.com,GADGET-03,2,130.3,260.6,bank_transfer,STORE_108,,,
US739042,03/22/2025,jane.smith7422@email.com,GADGET-63,3,167.98,503.94,bank_transfer,STORE_120,,,
US734261,03/22/2025,david.smith5539@outlook.com,GADGET-56,1,184.06,184.06,credit_card,STORE_102,,,
US735947,03/22/2025,jane.miller115@gmail.com,GADGET-44,2,169.77,339.54,apple_pay,STORE_102,,,
US738542,03/22/2025,jane.jones9158@email.com,GADGET-57,2,113.29,226.58,credit_card,STORE_114,,,
US736514,03/22/2025,maria.johnson9026@yahoo.com,GADGET-64,5,167.95,755.77,google_pay,STORE_108,SAVE10,10.0,100.0
US736107,03/22/2025,alex.miller9435@email.com,GADGET-64,2,161.13,322.26,credit_card,STORE_107,,,
US728884,03/22/2025,sam.johnson7052@gmail.com,GADGET-41,4,65.75,236.7,bank_transfer,STORE_117,SAVE10,10.0,100.0
US730855,03/22/2025,lisa.johnson453@outlook.com,GADGET-55,4,83.37,333.48,apple_pay,STORE_115,,,
US728592,03/22/2025,lisa.miller9153@outlook.com,GADGET-24,1,262.32,262.32,bank_transfer,STORE_103,,,
US731357,03/22/2025,alex.brown7528@gmail.com,GADGET-49,3,67.74,182.9,apple_pay,STORE_109,SAVE10,10.0,100.0
US739023,03/22/2025,lisa.jones998@email.com,GADGET-33,3,253.3,759.9,bank_transfer,STORE_103,,,
US732018,03/22/2025,maria.jones6752@email.com,GADGET-25,4,76.02,304.08,credit_card,STORE_106,,,
US727716,03/22/2025,maria.jones319@outlook.com,GADGET-29,1,186.78,186.78,credit_card,STORE_114,,,
US727097,03/22/2025,sam.williams5791@outlook.com,GADGET-42,3,142.58,427.74,apple_pay,STORE_120,,,
US727917,03/22/2025,sam.johnson2017@yahoo.com,GADGET-63,2,282.17,479.69,credit_card,STORE_120,WELCOME15,15.0,150.0
US738080,03/22/2025,sam.williams8534@outlook.com,GADGET-03,4,256.88,1027.52,google_pay,STORE_107,,,
US731192,03/22/2025,john.brown5094@yahoo.com,GADGET-14,2,58.17,93.07,credit_card,STORE_102,SAVE20,20.0,200.0
US729707,03/22/2025,jane.jones6960@yahoo.com,GADGET-32,5,189.9,854.55,paypal,STORE_118,SAVE10,10.0,100.0
US739707,03/22/2025,lisa.williams2484@email.com,GADGET-38,3,246.03,553.57,paypal,STORE_119,VIP25,25.0,250.0
US734193,03/22/2025,sam.williams5713@email.com,GADGET-28,3,268.05,804.15,bank_transfer,STORE_114,,,
US737727,03/22/2025,john.miller2522@yahoo.com,GADGET-68,4,115.99,394.37,google_pay,STORE_113,WELCOME15,15.0,150.0
US727528,03/22/2025,chris.williams8358@gmail.com,GADGET-08,1,132.18,132.18,apple_pay,STORE_110,,,
US730930,03/22/2025,david.miller1798@yahoo.com,GADGET-62,5,203.44,1017.2,credit_card,STORE_101,,,
US738867,03/22/2025,david.miller3988@outlook.com,GADGET-11,2,177.77,355.54,credit_card,STORE_111,,,
US730954,03/22/2025,david.jones3788@outlook.com,GADGET-24,5,32.06,144.27,paypal,STORE_107,SAVE10,10.0,100.0
US730829,03/22/2025,maria.smith4071@outlook.com,GADGET-69,3,73.17,197.56,apple_pay,STORE_109,SAVE10,10.0,100.0
US727471,03/22/2025,maria.smith5367@email.com,GADGET-29,2,279.57,559.14,google_pay,STORE_116,,,
US733831,03/22/2025,chris.miller9851@yahoo.com,GADGET-74,5,234.48,1172.4,google_pay,STORE_105,,,
US735124,03/22/2025,jane.brown7337@yahoo.com,GADGET-54,3,101.22,303.66,credit_card,STORE_107,,,
US730406,03/22/2025,chris.smith1562@email.com,GADGET-50,4,268.76,1075.04,bank_transfer,STORE_117,,,
US738572,03/22/2025,alex.johnson3390@outlook.com,GADGET-07,5,124.14,620.7,bank_transfer,STORE_101,,,
US740189,03/22/2025,david.miller5091@yahoo.com,GADGET-44,1,56.02,56.02,google_pay,STORE_116,,,
US727240,03/22/2025,alex.johnson4625@gmail.com,GADGET-15,4,120.71,434.56,apple_pay,STORE_116,SAVE10,10.0,100.0
US726800,03/22/2025,jane.brown9304@gmail.com,GADGET-24,5,58.71,293.55,paypal,STORE_118,,,
US737446,03/22/2025,chris.johnson8270@email.com,GADGET-79,1,296.62,296.62,google_pay,STORE_106,,,
US728144,03/22/2025,john.smith4392@gmail.com,GADGET-64,3,207.63,622.89,bank_transfer,STORE_103,,,
US729460,03/22/2025,lisa.johnson2739@gmail.com,GADGET-66,1,66.3,66.3,paypal,STORE_107,,,
US731717,03/22/2025,maria.johnson7800@yahoo.com,GADGET-64,4,165.18,660.72,bank_transfer,STORE_104,,,
US728598,03/22/2025,chris.johnson180@yahoo.com,GADGET-18,2,270.71,541.42,apple_pay,STORE_107,,,
US734565,03/22/2025,maria.jones6340@email.com,GADGET-31,5,87.39,436.95,credit_card,STORE_115,,,
US739661,03/22/2025,alex.jones9978@outlook.com,GADGET-50,5,287.76,1438.8,apple_pay,STORE_115,,,
US738102,03/22/2025,alex.jones5598@outlook.com,GADGET-75,5,197.78,988.9,bank_transfer,STORE_111,,,
US727482,03/22/2025,jane.smith9948@yahoo.com,GADGET-59,5,100.75,503.75,google_pay,STORE_105,,,
US729159,03/22/2025,lisa.jones6226@yahoo.com,GADGET-61,4,263.29,1053.16,google_pay,STORE_108,,,
US738118,03/22/2025,jane.smith6354@outlook.com,GADGET-22,4,169.77,679.08,google_pay,STORE_110,,,
US736469,03/22/2025,maria.williams6802@yahoo.com,GADGET-67,4,241.56,821.3,google_pay,STORE_105,WELCOME15,15.0,150.0
US737798,03/22/2025,jane.jones9627@gmail.com,GADGET-26,1,261.57,222.33,paypal,STORE_102,WELCOME15,15.0,150.0
US738007,03/22/2025,lisa.williams728@gmail.com,GADGET-76,1,71.36,71.36,google_pay,STORE_112,,,
US736829,03/22/2025,sam.jones972@outlook.com,GADGET-52,1,263.7,263.7,credit_card,STORE_114,,,
US740030,03/22/2025,alex.williams1688@yahoo.com,GADGET-21,4,129.07,516.28,apple_pay,STORE_120,,,
US728457,03/22/2025,jane.johnson8747@outlook.com,GADGET-21,5,94.87,355.76,google_pay,STORE_105,VIP25,25.0,250.0
US729720,03/22/2025,maria.brown9643@email.com,GADGET-38,2,135.43,270.86,bank_transfer,STORE_101,,,
US739976,03/22/2025,david.jones4357@outlook.com,GADGET-51,2,39.55,79.1,paypal,STORE_119,,,
US739428,03/22/2025,maria.smith5056@outlook.com,GADGET-71,2,249.6,499.2,credit_card,STORE_104,,,
US730193,03/22/2025,john.johnson2269@outlook.com,GADGET-14,5,280.82,1404.1,paypal,STORE_108,,,
US730870,03/22/2025,jane.smith996@outlook.com,GADGET-22,3,20.28,48.67,paypal,STORE_113,SAVE20,20.0,200.0
US734372,03/22/2025,maria.smith7673@gmail.com,GADGET-24,5,294.85,1105.69,paypal,STORE_110,VIP25,25.0,250.0
US740353,03/22/2025,david.brown2167@gmail.com,GADGET-68,4,299.38,1197.52,credit_card,STORE_111,,,
US731894,03/22/2025,maria.johnson4252@email.com,GADGET-75,3,257.94,580.37,google_pay,STORE_120,VIP25,25.0,250.0
US735251,03/22/2025,david.miller5789@email.com,GADGET-72,1,192.29,192.29,bank_transfer,STORE_112,,,
US729980,03/22/2025,maria.johnson444@email.com,GADGET-42,3,284.14,724.56,bank_transfer,STORE_104,WELCOME15,15.0,150.0
US727570,03/22/2025,jane.miller8345@yahoo.com,GADGET-37,3,137.25,411.75,google_pay,STORE_117,,,
US728759,03/22/2025,chris.williams2462@email.com,GADGET-77,3,289.1,780.57,credit_card,STORE_120,SAVE10,10.0,100.0
US731302,03/22/2025,sam.williams3280@yahoo.com,GADGET-46,5,116.07,580.35,credit_card,STORE_101,,,
US730123,03/22/2025,jane.williams2795@gmail.com,GADGET-68,4,108.99,435.96,apple_pay,STORE_107,,,
US739275,03/22/2025,john.williams7478@gmail.com,GADGET-78,3,52.81,158.43,apple_pay,STORE_108,,,
US733450,03/22/2025,chris.williams6446@yahoo.com,GADGET-51,2,54.78,109.56,google_pay,STORE_103,,,
US734724,03/22/2025,david.brown1506@gmail.com,GADGET-57,3,147.0,374.85,apple_pay,STORE_113,WELCOME15,15.0,150.0
US730511,03/22/2025,david.johnson4247@yahoo.com,GADGET-73,4,36.1,122.74,paypal,STORE_106,WELCOME15,15.0,150.0
US728393,03/22/2025,maria.brown2113@yahoo.com,GADGET-40,4,291.73,1166.92,bank_transfer,STORE_107,,,
US735694,03/22/2025,jane.jones7574@gmail.com,GADGET-49,5,117.72,470.88,apple_pay,STORE_103,SAVE20,20.0,200.0
US734129,03/22/2025,lisa.smith4943@yahoo.com,GADGET-41,2,35.23,70.46,apple_pay,STORE_113,,,
US731517,03/22/2025,david.smith3421@outlook.com,GADGET-76,1,250.17,250.17,bank_transfer,STORE_114,,,
US727911,03/22/2025,sam.williams616@outlook.com,GADGET-12,5,69.5,347.5,credit_card,STORE_101,,,
US735638,03/22/2025,david.miller4373@outlook.com,GADGET-17,1,111.53,111.53,bank_transfer,STORE_105,,,
US734954,03/22/2025,john.jones228@yahoo.com,GADGET-11,1,84.89,84.89,apple_pay,STORE_117,,,
US727437,03/22/2025,david.jones3664@email.com,GADGET-10,2,214.38,343.01,apple_pay,STORE_117,SAVE20,20.0,200.0
US737025,03/22/2025,lisa.brown1463@email.com,GADGET-04,1,180.58,162.52,bank_transfer,STORE_114,SAVE10,10.0,100.0
US733553,03/22/2025,sam.williams9111@yahoo.com,GADGET-49,4,293.98,940.74,credit_card,STORE_101,SAVE20,20.0,200.0
US736822,03/22/2025,alex.jones6115@gmail.com,GADGET-05,3,40.14,90.31,bank_transfer,STORE_101,VIP25,25.0,250.0
US739092,03/22/2025,lisa.miller426@outlook.com,GADGET-71,3,88.95,266.85,google_pay,STORE_117,,,
US737463,03/22/2025,maria.williams3857@gmail.com,GADGET-63,1,57.64,48.99,bank_transfer,STORE_114,WELCOME15,15.0,150.0
US738352,03/22/2025,chris.johnson3947@email.com,GADGET-65,4,125.27,400.86,paypal,STORE_116,SAVE20,20.0,200.0
US733970,03/22/2025,john.johnson8225@gmail.com,GADGET-06,1,94.15,94.15,paypal,STORE_107,,,
US738324,03/22/2025,david.miller5687@gmail.com,GADGET-34,5,267.8,1339.0,bank_transfer,STORE_110,,,
US740442,03/22/2025,jane.smith5301@yahoo.com,GADGET-17,3,111.21,250.22,apple_pay,STORE_108,VIP25,25.0,250.0
US727801,03/22/2025,lisa.williams6438@gmail.com,GADGET-04,3,217.11,651.33,apple_pay,STORE_109,,,
US728401,03/22/2025,sam.williams4373@outlook.com,GADGET-69,3,80.54,217.46,apple_pay,STORE_115,SAVE10,10.0,100.0
US734408,03/22/2025,john.johnson2160@gmail.com,GADGET-09,4,79.27,317.08,paypal,STORE_111,,,
US734384,03/22/2025,alex.smith6264@yahoo.com,GADGET-08,5,270.19,1080.76,bank_transfer,STORE_116,SAVE20,20.0,200.0
US727173,03/22/2025,david.miller7934@gmail.com,GADGET-53,5,117.81,589.05,credit_card,STORE_116,,,
US739641,03/22/2025,chris.smith3597@gmail.com,GADGET-54,3,70.39,211.17,google_pay,STORE_105,,,
US740336,03/22/2025,maria.jones572@gmail.com,GADGET-26,2,93.53,187.06,google_pay,STORE_108,,,
US736062,03/22/2025,jane.miller7574@email.com,GADGET-70,5,117.5,587.5,google_pay,STORE_117,,,
US737782,03/22/2025,sam.brown9407@email.com,GADGET-23,2,264.4,528.8,google_pay,STORE_108,,,
