order_id|order_date|customer_email|product_code|quantity|unit_price|total_amount|payment_method|country_code|vat_rate|vat_amount
EU518661|12-03-2025|lucia.dupont8635@example.es|WID105|2|ÔéČ29,22|ÔéČ69,54|carte_bancaire|DE|19%|ÔéČ11,10
EU515820|12-03-2025|pierre.de_vries8896@example.fr|WID104|1|ÔéČ188,97|ÔéČ228,66|credit_card|ES|21%|ÔéČ39,68
EU518686|12-03-2025|jan.dupont5338@example.de|WID138|5|ÔéČ205,43|ÔéČ1232,59|carte_bancaire|FR|20%|ÔéČ205,43
EU515788|12-03-2025|lucia.de_vries5868@example.es|WID123|1|ÔéČ60,69|ÔéČ74,04|carte_bancaire|IT|22%|ÔéČ13,35
EU516591|12-03-2025|hans.de_vries2494@example.nl|WID117|1|ÔéČ248,46|ÔéČ300,63|carte_bancaire|NL|21%|ÔéČ52,18
EU516566|12-03-2025|hans.rossi958@example.nl|WID184|3|ÔéČ61,80|ÔéČ226,19|carte_bancaire|IT|22%|ÔéČ40,79
EU516339|12-03-2025|lucia.de_vries6928@example.nl|WID185|5|ÔéČ78,30|ÔéČ473,71|bank_transfer|ES|21%|ÔéČ82,21
EU515783|12-03-2025|jan.de_vries1502@example.de|WID191|1|ÔéČ240,12|ÔéČ290,55|credit_card|NL|21%|ÔéČ50,43
EU519359|12-03-2025|marie.de_vries6438@example.nl|WID178|5|ÔéČ45,30|ÔéČ271,83|credit_card|FR|20%|ÔéČ45,30
EU521368|12-03-2025|carlos.garcia4621@example.es|WID152|2|ÔéČ223,34|ÔéČ540,49|credit_card|NL|21%|ÔéČ93,80
EU521420|12-03-2025|carlos.rossi4229@example.es|WID148|5|ÔéČ121,63|ÔéČ741,97|paypal|IT|22%|ÔéČ133,80
EU519791|12-03-2025|carlos.dupont1997@example.it|WID149|3|ÔéČ267,37|ÔéČ978,58|credit_card|IT|22%|ÔéČ176,47
EU522120|12-03-2025|anna.garcia6117@example.nl|WID156|3|ÔéČ13,80|ÔéČ50,52|carte_bancaire|IT|22%|ÔéČ9,11
EU516055|12-03-2025|sofia.rossi7689@example.it|WID181|2|ÔéČ120,56|ÔéČ291,74|carte_bancaire|ES|21%|ÔéČ50,63
EU519537|12-03-2025|anna.garcia924@example.it|WID173|1|ÔéČ227,71|ÔéČ275,52|credit_card|ES|21%|ÔéČ47,82
EU516332|12-03-2025|hans.dupont9355@example.es|WID124|2|ÔéČ22,60|ÔéČ53,78|bank_transfer|DE|19%|ÔéČ8,59
EU519987|12-03-2025|lucia.dupont6544@example.it|WID126|3|ÔéČ288,86|ÔéČ1048,56|bank_transfer|NL|21%|ÔéČ181,98
EU515713|12-03-2025|pierre.dupont6974@example.es|WID178|4|ÔéČ172,57|ÔéČ835,25|carte_bancaire|NL|21%|ÔéČ144,96
EU516700|12-03-2025|hans.dupont9336@example.de|WID168|4|ÔéČ9,04|ÔéČ43,05|credit_card|DE|19%|ÔéČ6,87
EU520759|12-03-2025|hans.de_vries4476@example.es|WID148|1|ÔéČ166,61|ÔéČ201,60|credit_card|ES|21%|ÔéČ34,99
EU522093|12-03-2025|sofia.garcia1464@example.nl|WID135|4|ÔéČ188,60|ÔéČ912,82|credit_card|ES|21%|ÔéČ158,42
EU516307|12-03-2025|sofia.de_vries8445@example.de|WID142|5|ÔéČ150,70|ÔéČ911,71|carte_bancaire|ES|21%|ÔéČ158,23
EU520100|12-03-2025|marie.de_vries8961@example.it|WID134|4|ÔéČ220,65|ÔéČ1067,95|credit_card|ES|21%|ÔéČ185,35
EU517366|12-03-2025|marie.garcia3854@example.it|WID130|2|ÔéČ14,15|ÔéČ34,52|carte_bancaire|IT|22%|ÔéČ6,23
EU516789|12-03-2025|anna.rossi1113@example.it|WID132|3|ÔéČ18,34|ÔéČ66,02|paypal|FR|20%|ÔéČ11,00
EU518781|12-03-2025|anna.dupont2018@example.de|WID125|5|ÔéČ141,85|ÔéČ851,08|credit_card|FR|20%|ÔéČ141,85
EU521531|12-03-2025|sofia.dupont762@example.es|WID174|3|ÔéČ246,55|ÔéČ894,98|credit_card|NL|21%|ÔéČ155,33
EU516038|12-03-2025|jan.rossi7489@example.nl|WID146|3|ÔéČ299,88|ÔéČ1088,57|bank_transfer|ES|21%|ÔéČ188,93
EU520647|12-03-2025|sofia.de_vries6126@example.it|WID101|3|ÔéČ168,69|ÔéČ602,21|bank_transfer|DE|19%|ÔéČ96,15
EU517914|12-03-2025|lucia.garcia5509@example.fr|WID100|1|ÔéČ204,60|ÔéČ249,61|credit_card|IT|22%|ÔéČ45,01
EU521400|12-03-2025|pierre.dupont7925@example.nl|WID133|2|ÔéČ220,55|ÔéČ529,33|carte_bancaire|FR|20%|ÔéČ88,22
EU519483|12-03-2025|jan.schmidt219@example.es|WID109|3|ÔéČ64,92|ÔéČ237,59|carte_bancaire|IT|22%|ÔéČ42,84
EU518883|12-03-2025|jan.dupont7022@example.nl|WID144|2|ÔéČ144,27|ÔéČ343,37|paypal|DE|19%|ÔéČ54,82
EU520795|12-03-2025|jan.de_vries9505@example.fr|WID187|3|ÔéČ43,19|ÔéČ156,78|bank_transfer|NL|21%|ÔéČ27,21
EU516880|12-03-2025|pierre.schmidt6657@example.fr|WID117|1|ÔéČ173,63|ÔéČ210,09|paypal|NL|21%|ÔéČ36,46
EU521541|12-03-2025|sofia.schmidt9357@example.es|WID138|5|ÔéČ132,93|ÔéČ797,60|credit_card|FR|20%|ÔéČ132,93
EU519905|12-03-2025|anna.de_vries2751@example.it|WID144|1|ÔéČ222,23|ÔéČ264,46|paypal|DE|19%|ÔéČ42,22
EU519002|12-03-2025|pierre.de_vries421@example.de|WID143|3|ÔéČ275,61|ÔéČ983,92|carte_bancaire|DE|19%|ÔéČ157,10
EU515526|12-03-2025|pierre.de_vries5492@example.fr|WID155|2|ÔéČ91,92|ÔéČ220,61|bank_transfer|FR|20%|ÔéČ36,77
EU522113|12-03-2025|marie.dupont5632@example.it|WID115|4|ÔéČ273,41|ÔéČ1312,38|bank_transfer|FR|20%|ÔéČ218,73
EU521761|12-03-2025|lucia.dupont2620@example.es|WID175|4|ÔéČ113,27|ÔéČ548,24|bank_transfer|ES|21%|ÔéČ95,15
EU515446|12-03-2025|carlos.dupont1076@example.nl|WID102|2|ÔéČ252,37|ÔéČ610,73|bank_transfer|ES|21%|ÔéČ105,99
EU518308|12-03-2025|jan.dupont8@example.de|WID108|1|ÔéČ105,71|ÔéČ126,86|carte_bancaire|FR|20%|ÔéČ21,14
EU515657|12-03-2025|jan.schmidt2220@example.fr|WID104|1|ÔéČ293,68|ÔéČ349,47|paypal|DE|19%|ÔéČ55,80
EU516158|12-03-2025|jan.garcia5445@example.es|WID165|1|ÔéČ99,13|ÔéČ119,95|credit_card|ES|21%|ÔéČ20,82
EU516358|12-03-2025|anna.schmidt6949@example.it|WID136|5|ÔéČ155,77|ÔéČ950,19|bank_transfer|IT|22%|ÔéČ171,35
EU521989|12-03-2025|hans.schmidt7807@example.it|WID111|5|ÔéČ121,64|ÔéČ742,02|paypal|IT|22%|ÔéČ133,81
EU515422|12-03-2025|jan.garcia7651@example.nl|WID125|5|ÔéČ187,89|ÔéČ1127,34|paypal|FR|20%|ÔéČ187,89
EU516599|12-03-2025|hans.rossi6059@example.de|WID147|5|ÔéČ55,19|ÔéČ328,37|credit_card|DE|19%|ÔéČ52,43
EU515559|12-03-2025|lucia.schmidt169@example.it|WID121|5|ÔéČ291,14|ÔéČ1761,38|paypal|NL|21%|ÔéČ305,69
EU519026|12-03-2025|anna.garcia8059@example.nl|WID112|5|ÔéČ214,62|ÔéČ1298,46|credit_card|ES|21%|ÔéČ225,35
EU519807|12-03-2025|pierre.de_vries2646@example.es|WID114|4|ÔéČ191,78|ÔéČ928,22|credit_card|NL|21%|ÔéČ161,10
EU516610|12-03-2025|anna.de_vries2056@example.fr|WID149|3|ÔéČ218,79|ÔéČ794,22|credit_card|NL|21%|ÔéČ137,84
EU520457|12-03-2025|pierre.de_vries1886@example.de|WID142|3|ÔéČ57,57|ÔéČ205,51|paypal|DE|19%|ÔéČ32,81
EU518782|12-03-2025|marie.rossi1937@example.fr|WID195|3|ÔéČ152,02|ÔéČ551,82|paypal|NL|21%|ÔéČ95,77
EU521179|12-03-2025|anna.de_vries1072@example.de|WID129|4|ÔéČ207,76|ÔéČ1005,54|carte_bancaire|NL|21%|ÔéČ174,52
EU517550|12-03-2025|carlos.schmidt5940@example.de|WID102|1|ÔéČ214,63|ÔéČ255,41|paypal|DE|19%|ÔéČ40,78
EU519465|12-03-2025|carlos.garcia3399@example.es|WID190|4|ÔéČ299,15|ÔéČ1447,87|credit_card|NL|21%|ÔéČ251,28
EU517300|12-03-2025|anna.rossi8743@example.de|WID113|1|ÔéČ16,48|ÔéČ19,94|paypal|ES|21%|ÔéČ3,46
EU522366|12-03-2025|lucia.dupont3276@example.es|WID187|4|ÔéČ280,23|ÔéČ1345,10|credit_card|FR|20%|ÔéČ224,18
EU521100|12-03-2025|pierre.dupont5841@example.nl|WID100|1|ÔéČ257,75|ÔéČ311,87|bank_transfer|ES|21%|ÔéČ54,13
EU519666|12-03-2025|marie.de_vries5973@example.de|WID144|4|ÔéČ234,51|ÔéČ1125,67|paypal|FR|20%|ÔéČ187,61
EU516697|12-03-2025|sofia.rossi2726@example.de|WID119|1|ÔéČ258,28|ÔéČ315,10|paypal|IT|22%|ÔéČ56,82
EU518275|12-03-2025|anna.dupont9529@example.fr|WID122|2|ÔéČ41,53|ÔéČ99,67|bank_transfer|FR|20%|ÔéČ16,61
EU522514|12-03-2025|pierre.dupont5116@example.es|WID110|1|ÔéČ111,50|ÔéČ136,02|carte_bancaire|IT|22%|ÔéČ24,53
EU517900|12-03-2025|pierre.dupont97@example.de|WID127|5|ÔéČ81,20|ÔéČ495,34|carte_bancaire|IT|22%|ÔéČ89,32
EU522124|12-03-2025|pierre.de_vries6213@example.nl|WID117|1|ÔéČ234,46|ÔéČ281,35|credit_card|FR|20%|ÔéČ46,89
EU519265|12-03-2025|anna.dupont9930@example.de|WID138|2|ÔéČ268,14|ÔéČ648,89|credit_card|ES|21%|ÔéČ112,62
EU519220|12-03-2025|hans.rossi2471@example.es|WID145|2|ÔéČ177,98|ÔéČ423,59|credit_card|DE|19%|ÔéČ67,63
EU520344|12-03-2025|pierre.garcia1799@example.es|WID182|1|ÔéČ276,89|ÔéČ332,26|carte_bancaire|FR|20%|ÔéČ55,38
EU518023|12-03-2025|pierre.schmidt8568@example.de|WID182|5|ÔéČ235,61|ÔéČ1425,41|credit_card|ES|21%|ÔéČ247,39
EU517823|12-03-2025|hans.garcia775@example.it|WID154|2|ÔéČ93,05|ÔéČ223,32|credit_card|FR|20%|ÔéČ37,22
EU521202|12-03-2025|lucia.schmidt7807@example.de|WID192|3|ÔéČ48,24|ÔéČ172,23|credit_card|DE|19%|ÔéČ27,50
EU521661|12-03-2025|sofia.de_vries1109@example.fr|WID184|5|ÔéČ65,75|ÔéČ394,51|credit_card|FR|20%|ÔéČ65,75
EU517013|12-03-2025|pierre.rossi548@example.es|WID160|3|ÔéČ284,84|ÔéČ1042,52|paypal|IT|22%|ÔéČ188,00
EU520091|12-03-2025|hans.dupont5172@example.it|WID104|3|ÔéČ156,82|ÔéČ559,84|paypal|DE|19%|ÔéČ89,39
EU518344|12-03-2025|lucia.garcia6180@example.es|WID187|2|ÔéČ97,04|ÔéČ234,84|carte_bancaire|NL|21%|ÔéČ40,76
EU517302|12-03-2025|sofia.garcia5013@example.es|WID171|2|ÔéČ267,42|ÔéČ647,16|credit_card|NL|21%|ÔéČ112,32
EU521204|12-03-2025|pierre.de_vries58@example.de|WID147|3|ÔéČ165,28|ÔéČ595,00|paypal|FR|20%|ÔéČ99,17
EU521730|12-03-2025|carlos.de_vries5649@example.nl|WID193|2|ÔéČ163,48|ÔéČ395,61|bank_transfer|NL|21%|ÔéČ68,66
EU520033|12-03-2025|lucia.rossi8035@example.es|WID105|4|ÔéČ175,65|ÔéČ857,19|paypal|IT|22%|ÔéČ154,58
EU518108|12-03-2025|jan.de_vries2161@example.nl|WID157|3|ÔéČ269,91|ÔéČ963,57|carte_bancaire|DE|19%|ÔéČ153,85
EU522364|12-03-2025|carlos.rossi9627@example.es|WID159|4|ÔéČ65,36|ÔéČ316,36|bank_transfer|NL|21%|ÔéČ54,90
EU521685|12-03-2025|marie.de_vries3747@example.it|WID148|1|ÔéČ256,14|ÔéČ309,93|paypal|ES|21%|ÔéČ53,79
EU518723|12-03-2025|anna.de_vries8321@example.de|WID120|1|ÔéČ108,16|ÔéČ130,88|bank_transfer|NL|21%|ÔéČ22,71
EU517507|12-03-2025|jan.rossi9730@example.it|WID174|4|ÔéČ133,20|ÔéČ644,68|credit_card|ES|21%|ÔéČ111,89
EU516645|12-03-2025|sofia.dupont6446@example.es|WID126|2|ÔéČ72,32|ÔéČ176,46|credit_card|IT|22%|ÔéČ31,82
EU516159|12-03-2025|jan.de_vries8391@example.nl|WID129|2|ÔéČ119,50|ÔéČ286,80|paypal|FR|20%|ÔéČ47,80
EU522397|12-03-2025|jan.dupont8565@example.fr|WID111|1|ÔéČ15,74|ÔéČ19,04|credit_card|ES|21%|ÔéČ3,30
EU519723|12-03-2025|hans.de_vries5382@example.es|WID180|5|ÔéČ133,59|ÔéČ808,21|carte_bancaire|ES|21%|ÔéČ140,27
EU518408|12-03-2025|marie.dupont2616@example.de|WID155|1|ÔéČ199,01|ÔéČ240,81|paypal|ES|21%|ÔéČ41,79
EU520602|12-03-2025|carlos.rossi7122@example.fr|WID177|5|ÔéČ9,96|ÔéČ60,75|carte_bancaire|IT|22%|ÔéČ10,95
EU516131|12-03-2025|jan.de_vries5874@example.it|WID152|5|ÔéČ127,33|ÔéČ757,59|bank_transfer|DE|19%|ÔéČ120,96
EU521962|12-03-2025|marie.garcia5919@example.nl|WID165|1|ÔéČ90,86|ÔéČ108,13|paypal|DE|19%|ÔéČ17,26
EU521167|12-03-2025|sofia.rossi4197@example.nl|WID131|5|ÔéČ63,49|ÔéČ384,11|credit_card|ES|21%|ÔéČ66,66
EU522207|12-03-2025|hans.dupont4008@example.nl|WID140|1|ÔéČ19,45|ÔéČ23,53|bank_transfer|NL|21%|ÔéČ4,08
EU516594|12-03-2025|lucia.de_vries9043@example.fr|WID138|1|ÔéČ132,89|ÔéČ162,13|credit_card|IT|22%|ÔéČ29,24
EU519977|12-03-2025|pierre.de_vries1611@example.it|WID134|5|ÔéČ225,27|ÔéČ1362,85|bank_transfer|ES|21%|ÔéČ236,53
EU521228|12-03-2025|jan.garcia1937@example.de|WID140|1|ÔéČ175,81|ÔéČ210,97|credit_card|FR|20%|ÔéČ35,16
EU518195|12-03-2025|pierre.de_vries5361@example.fr|WID120|2|ÔéČ298,89|ÔéČ729,30|paypal|IT|22%|ÔéČ131,51
EU522395|12-03-2025|pierre.schmidt4698@example.de|WID121|4|ÔéČ100,59|ÔéČ478,79|credit_card|DE|19%|ÔéČ76,45
EU518617|12-03-2025|marie.dupont4492@example.nl|WID104|3|ÔéČ26,49|ÔéČ95,37|paypal|FR|20%|ÔéČ15,89
EU520013|12-03-2025|pierre.rossi2331@example.nl|WID158|1|ÔéČ198,80|ÔéČ242,53|carte_bancaire|IT|22%|ÔéČ43,74
EU518324|12-03-2025|marie.rossi2482@example.de|WID100|1|ÔéČ170,15|ÔéČ205,89|bank_transfer|ES|21%|ÔéČ35,73
EU516341|12-03-2025|sofia.schmidt1966@example.nl|WID152|3|ÔéČ103,06|ÔéČ367,91|credit_card|DE|19%|ÔéČ58,74
EU516170|12-03-2025|pierre.rossi9067@example.it|WID146|5|ÔéČ145,59|ÔéČ888,10|credit_card|IT|22%|ÔéČ160,15
EU516103|12-03-2025|sofia.dupont1580@example.de|WID133|4|ÔéČ224,48|ÔéČ1068,53|credit_card|DE|19%|ÔéČ170,61
EU516027|12-03-2025|marie.dupont4978@example.nl|WID171|2|ÔéČ173,20|ÔéČ422,61|carte_bancaire|IT|22%|ÔéČ76,21
EU519683|12-03-2025|sofia.schmidt3107@example.fr|WID119|2|ÔéČ79,98|ÔéČ195,15|paypal|IT|22%|ÔéČ35,19
EU519150|12-03-2025|carlos.rossi1797@example.it|WID182|5|ÔéČ223,16|ÔéČ1361,30|carte_bancaire|IT|22%|ÔéČ245,48
EU517451|12-03-2025|jan.rossi8365@example.nl|WID164|1|ÔéČ115,57|ÔéČ141,00|carte_bancaire|IT|22%|ÔéČ25,43
EU519259|12-03-2025|marie.dupont4326@example.nl|WID172|4|ÔéČ223,00|ÔéČ1079,34|paypal|NL|21%|ÔéČ187,32
EU516051|12-03-2025|jan.rossi2107@example.es|WID105|3|ÔéČ7,49|ÔéČ26,74|carte_bancaire|DE|19%|ÔéČ4,27
EU518145|12-03-2025|jan.schmidt64@example.fr|WID150|5|ÔéČ298,81|ÔéČ1807,79|credit_card|ES|21%|ÔéČ313,75
EU516257|12-03-2025|pierre.dupont9152@example.fr|WID133|1|ÔéČ56,65|ÔéČ69,11|credit_card|IT|22%|ÔéČ12,46
EU520148|12-03-2025|marie.garcia5753@example.fr|WID121|4|ÔéČ111,77|ÔéČ532,03|carte_bancaire|DE|19%|ÔéČ84,95
EU519815|12-03-2025|sofia.schmidt7443@example.nl|WID188|4|ÔéČ280,92|ÔéČ1359,64|paypal|NL|21%|ÔéČ235,97
EU516160|12-03-2025|carlos.schmidt9856@example.it|WID175|4|ÔéČ186,15|ÔéČ900,95|bank_transfer|NL|21%|ÔéČ156,36
EU516446|12-03-2025|sofia.de_vries9507@example.it|WID168|3|ÔéČ278,91|ÔéČ1012,45|paypal|NL|21%|ÔéČ175,72
EU521063|12-03-2025|jan.rossi3483@example.es|WID180|1|ÔéČ53,64|ÔéČ64,90|carte_bancaire|ES|21%|ÔéČ11,26
EU521943|12-03-2025|hans.dupont6074@example.nl|WID121|2|ÔéČ183,79|ÔéČ444,77|credit_card|NL|21%|ÔéČ77,19
EU521659|12-03-2025|marie.garcia8693@example.it|WID118|5|ÔéČ142,05|ÔéČ859,38|credit_card|NL|21%|ÔéČ149,15
EU522442|12-03-2025|lucia.rossi4789@example.fr|WID145|2|ÔéČ167,02|ÔéČ407,54|paypal|IT|22%|ÔéČ73,49
EU515787|12-03-2025|lucia.de_vries8404@example.fr|WID157|4|ÔéČ194,03|ÔéČ946,85|paypal|IT|22%|ÔéČ170,74
EU521666|12-03-2025|lucia.rossi1872@example.nl|WID155|2|ÔéČ100,61|ÔéČ243,47|bank_transfer|ES|21%|ÔéČ42,26
EU520065|12-03-2025|jan.schmidt5537@example.es|WID199|3|ÔéČ277,08|ÔéČ1005,78|bank_transfer|NL|21%|ÔéČ174,56
EU518801|12-03-2025|hans.de_vries9566@example.de|WID187|5|ÔéČ244,32|ÔéČ1465,92|bank_transfer|FR|20%|ÔéČ244,32
EU520310|12-03-2025|anna.de_vries79@example.es|WID132|4|ÔéČ209,69|ÔéČ1014,92|paypal|NL|21%|ÔéČ176,14
EU521439|12-03-2025|marie.de_vries7782@example.de|WID171|3|ÔéČ83,13|ÔéČ299,28|carte_bancaire|FR|20%|ÔéČ49,88
EU521534|12-03-2025|sofia.dupont3718@example.de|WID149|2|ÔéČ231,06|ÔéČ559,16|paypal|NL|21%|ÔéČ97,04
EU519422|12-03-2025|anna.de_vries2834@example.nl|WID150|3|ÔéČ207,81|ÔéČ754,36|paypal|NL|21%|ÔéČ130,92
EU521215|12-03-2025|jan.de_vries5825@example.es|WID177|1|ÔéČ128,49|ÔéČ154,19|paypal|FR|20%|ÔéČ25,70
EU518019|12-03-2025|marie.garcia1728@example.nl|WID160|4|ÔéČ236,11|ÔéČ1152,23|bank_transfer|IT|22%|ÔéČ207,78
EU521603|12-03-2025|lucia.dupont7543@example.fr|WID114|2|ÔéČ251,27|ÔéČ608,08|paypal|NL|21%|ÔéČ105,54
EU515257|12-03-2025|carlos.dupont5017@example.nl|WID117|1|ÔéČ205,69|ÔéČ248,89|credit_card|NL|21%|ÔéČ43,20
EU520084|12-03-2025|pierre.garcia220@example.it|WID100|1|ÔéČ86,91|ÔéČ105,16|credit_card|NL|21%|ÔéČ18,25
EU522482|12-03-2025|marie.garcia1413@example.es|WID135|2|ÔéČ179,52|ÔéČ434,43|bank_transfer|ES|21%|ÔéČ75,40
EU518536|12-03-2025|pierre.schmidt4609@example.fr|WID171|2|ÔéČ226,22|ÔéČ547,46|bank_transfer|NL|21%|ÔéČ95,01
EU515590|12-03-2025|jan.garcia8826@example.fr|WID190|2|ÔéČ86,72|ÔéČ206,40|bank_transfer|DE|19%|ÔéČ32,95
EU518582|12-03-2025|sofia.de_vries2596@example.it|WID117|5|ÔéČ226,09|ÔéČ1379,12|bank_transfer|IT|22%|ÔéČ248,69
EU519446|12-03-2025|hans.de_vries5560@example.fr|WID175|5|ÔéČ15,13|ÔéČ90,03|bank_transfer|DE|19%|ÔéČ14,37
EU520990|12-03-2025|hans.dupont2699@example.nl|WID122|4|ÔéČ98,16|ÔéČ475,09|carte_bancaire|ES|21%|ÔéČ82,45
EU518925|12-03-2025|carlos.rossi5099@example.de|WID131|1|ÔéČ14,87|ÔéČ17,70|carte_bancaire|DE|19%|ÔéČ2,83
EU516549|12-03-2025|lucia.garcia591@example.fr|WID149|4|ÔéČ284,94|ÔéČ1379,12|carte_bancaire|NL|21%|ÔéČ239,35
EU521929|12-03-2025|lucia.de_vries4520@example.de|WID182|5|ÔéČ198,43|ÔéČ1210,43|credit_card|IT|22%|ÔéČ218,27
EU522353|12-03-2025|marie.rossi4181@example.nl|WID164|5|ÔéČ226,86|ÔéČ1383,85|bank_transfer|IT|22%|ÔéČ249,55
EU518452|12-03-2025|carlos.de_vries7499@example.de|WID134|4|ÔéČ248,32|ÔéČ1182,02|bank_transfer|DE|19%|ÔéČ188,73
EU517633|12-03-2025|anna.schmidt1851@example.nl|WID113|5|ÔéČ205,23|ÔéČ1251,88|paypal|IT|22%|ÔéČ225,75
EU517238|12-03-2025|hans.de_vries7318@example.it|WID162|1|ÔéČ66,62|ÔéČ81,27|credit_card|IT|22%|ÔéČ14,66
EU521870|12-03-2025|pierre.dupont6161@example.es|WID174|2|ÔéČ113,28|ÔéČ271,87|carte_bancaire|FR|20%|ÔéČ45,31
EU517543|12-03-2025|marie.garcia6893@example.fr|WID160|2|ÔéČ222,64|ÔéČ534,35|carte_bancaire|FR|20%|ÔéČ89,06
EU518441|12-03-2025|carlos.rossi1371@example.nl|WID105|5|ÔéČ59,25|ÔéČ361,42|credit_card|IT|22%|ÔéČ65,17
EU517816|12-03-2025|marie.garcia4125@example.nl|WID191|5|ÔéČ83,48|ÔéČ496,69|bank_transfer|DE|19%|ÔéČ79,30
EU521822|12-03-2025|marie.schmidt468@example.it|WID108|3|ÔéČ154,56|ÔéČ561,07|paypal|NL|21%|ÔéČ97,38
EU521166|12-03-2025|marie.schmidt6032@example.it|WID145|2|ÔéČ147,43|ÔéČ356,77|bank_transfer|NL|21%|ÔéČ61,92
EU520267|12-03-2025|hans.schmidt7326@example.fr|WID116|3|ÔéČ111,94|ÔéČ399,62|credit_card|DE|19%|ÔéČ63,81
EU517374|12-03-2025|marie.rossi806@example.fr|WID134|1|ÔéČ95,06|ÔéČ114,07|bank_transfer|FR|20%|ÔéČ19,01
EU520969|12-03-2025|anna.de_vries486@example.de|WID186|5|ÔéČ73,44|ÔéČ444,33|credit_card|NL|21%|ÔéČ77,12
EU517853|12-03-2025|hans.schmidt3727@example.nl|WID107|1|ÔéČ74,72|ÔéČ88,92|carte_bancaire|DE|19%|ÔéČ14,20
EU519827|12-03-2025|carlos.schmidt6086@example.nl|WID102|1|ÔéČ297,43|ÔéČ356,92|carte_bancaire|FR|20%|ÔéČ59,49
EU519467|12-03-2025|sofia.schmidt6732@example.it|WID162|2|ÔéČ294,19|ÔéČ700,17|credit_card|DE|19%|ÔéČ111,79
EU522278|12-03-2025|hans.dupont3865@example.es|WID158|5|ÔéČ252,88|ÔéČ1542,55|carte_bancaire|IT|22%|ÔéČ278,16
EU519283|12-03-2025|jan.de_vries4371@example.fr|WID110|2|ÔéČ94,08|ÔéČ227,68|carte_bancaire|NL|21%|ÔéČ39,51
EU517580|12-03-2025|jan.de_vries4908@example.fr|WID171|3|ÔéČ196,42|ÔéČ718,91|bank_transfer|IT|22%|ÔéČ129,64
EU519193|12-03-2025|pierre.rossi6892@example.de|WID112|1|ÔéČ210,75|ÔéČ255,01|credit_card|ES|21%|ÔéČ44,26
EU521550|12-03-2025|hans.rossi3139@example.it|WID139|1|ÔéČ251,56|ÔéČ299,36|credit_card|DE|19%|ÔéČ47,80
EU522144|12-03-2025|marie.schmidt6509@example.de|WID156|1|ÔéČ108,23|ÔéČ130,95|bank_transfer|ES|21%|ÔéČ22,73
EU516504|12-03-2025|lucia.schmidt9923@example.nl|WID120|1|ÔéČ256,21|ÔéČ312,58|carte_bancaire|IT|22%|ÔéČ56,37
EU517318|12-03-2025|hans.garcia7889@example.es|WID173|3|ÔéČ73,29|ÔéČ268,23|credit_card|IT|22%|ÔéČ48,37
EU517531|12-03-2025|hans.schmidt1884@example.es|WID112|1|ÔéČ129,79|ÔéČ154,45|paypal|DE|19%|ÔéČ24,66
EU520901|12-03-2025|sofia.rossi6701@example.fr|WID112|3|ÔéČ95,43|ÔéČ346,42|bank_transfer|NL|21%|ÔéČ60,12
EU518884|12-03-2025|lucia.schmidt9050@example.es|WID187|1|ÔéČ71,48|ÔéČ87,21|credit_card|IT|22%|ÔéČ15,73
EU515945|12-03-2025|jan.garcia7617@example.fr|WID108|3|ÔéČ295,98|ÔéČ1056,64|carte_bancaire|DE|19%|ÔéČ168,71
EU517968|12-03-2025|carlos.garcia2979@example.es|WID124|5|ÔéČ233,81|ÔéČ1414,55|paypal|NL|21%|ÔéČ245,50
EU517813|12-03-2025|anna.rossi5773@example.it|WID139|2|ÔéČ127,21|ÔéČ302,75|credit_card|DE|19%|ÔéČ48,34
EU519331|12-03-2025|sofia.schmidt5899@example.de|WID167|1|ÔéČ244,90|ÔéČ296,33|credit_card|NL|21%|ÔéČ51,43
EU517140|12-03-2025|marie.schmidt4349@example.fr|WID170|1|ÔéČ264,88|ÔéČ317,85|credit_card|FR|20%|ÔéČ52,98
EU515258|12-03-2025|hans.dupont1568@example.nl|WID177|5|ÔéČ260,02|ÔéČ1573,12|paypal|ES|21%|ÔéČ273,02
EU518301|12-03-2025|hans.de_vries5522@example.nl|WID110|4|ÔéČ123,26|ÔéČ591,64|credit_card|FR|20%|ÔéČ98,61
EU515325|12-03-2025|sofia.de_vries5365@example.fr|WID121|5|ÔéČ132,15|ÔéČ806,12|bank_transfer|IT|22%|ÔéČ145,37
EU517265|12-03-2025|anna.rossi7556@example.nl|WID172|1|ÔéČ192,98|ÔéČ231,57|paypal|FR|20%|ÔéČ38,60
EU521356|12-03-2025|jan.garcia1461@example.nl|WID124|3|ÔéČ72,06|ÔéČ261,56|paypal|NL|21%|ÔéČ45,40
EU520916|12-03-2025|hans.de_vries3808@example.de|WID106|2|ÔéČ71,98|ÔéČ174,20|bank_transfer|NL|21%|ÔéČ30,23
EU519652|12-03-2025|marie.de_vries6889@example.es|WID175|2|ÔéČ200,60|ÔéČ489,46|bank_transfer|IT|22%|ÔéČ88,26
EU515333|12-03-2025|marie.dupont4842@example.it|WID197|5|ÔéČ228,30|ÔéČ1392,64|bank_transfer|IT|22%|ÔéČ251,13
EU521265|12-03-2025|lucia.schmidt3993@example.it|WID190|2|ÔéČ226,92|ÔéČ540,08|bank_transfer|DE|19%|ÔéČ86,23
EU516421|12-03-2025|marie.de_vries5763@example.it|WID182|1|ÔéČ54,37|ÔéČ65,25|carte_bancaire|FR|20%|ÔéČ10,87
EU517728|12-03-2025|sofia.rossi3614@example.fr|WID133|1|ÔéČ198,90|ÔéČ238,68|paypal|FR|20%|ÔéČ39,78
EU519695|12-03-2025|pierre.garcia1724@example.de|WID168|3|ÔéČ22,76|ÔéČ81,92|carte_bancaire|FR|20%|ÔéČ13,65
EU520774|12-03-2025|sofia.de_vries7893@example.it|WID144|1|ÔéČ38,58|ÔéČ47,07|paypal|IT|22%|ÔéČ8,49
EU515892|12-03-2025|jan.schmidt9855@example.fr|WID188|1|ÔéČ216,38|ÔéČ263,98|bank_transfer|IT|22%|ÔéČ47,60
EU520716|12-03-2025|pierre.dupont6546@example.nl|WID189|4|ÔéČ120,15|ÔéČ571,90|credit_card|DE|19%|ÔéČ91,31
EU515437|12-03-2025|anna.rossi8384@example.fr|WID192|4|ÔéČ7,66|ÔéČ37,09|carte_bancaire|NL|21%|ÔéČ6,44
EU516823|12-03-2025|pierre.dupont4279@example.de|WID161|4|ÔéČ9,21|ÔéČ44,96|carte_bancaire|IT|22%|ÔéČ8,11
EU518855|12-03-2025|jan.dupont6013@example.it|WID179|1|ÔéČ223,25|ÔéČ270,13|credit_card|ES|21%|ÔéČ46,88
EU521863|12-03-2025|pierre.rossi1584@example.fr|WID123|1|ÔéČ284,67|ÔéČ347,29|bank_transfer|IT|22%|ÔéČ62,63
EU517362|12-03-2025|pierre.rossi1518@example.de|WID159|1|ÔéČ215,93|ÔéČ261,27|credit_card|NL|21%|ÔéČ45,34
EU515885|12-03-2025|jan.schmidt4787@example.nl|WID145|2|ÔéČ222,70|ÔéČ538,93|credit_card|NL|21%|ÔéČ93,53
EU516191|12-03-2025|pierre.garcia2755@example.fr|WID138|2|ÔéČ126,02|ÔéČ299,93|credit_card|DE|19%|ÔéČ47,89
EU517355|12-03-2025|anna.schmidt467@example.fr|WID166|4|ÔéČ29,11|ÔéČ139,73|carte_bancaire|FR|20%|ÔéČ23,29
EU515274|12-03-2025|sofia.schmidt1954@example.it|WID142|2|ÔéČ150,29|ÔéČ366,71|carte_bancaire|IT|22%|ÔéČ66,13
EU517023|12-03-2025|jan.schmidt3116@example.fr|WID114|3|ÔéČ130,97|ÔéČ471,50|paypal|FR|20%|ÔéČ78,58
EU520060|12-03-2025|pierre.dupont7500@example.it|WID106|3|ÔéČ141,75|ÔéČ506,04|paypal|DE|19%|ÔéČ80,80
EU515652|12-03-2025|pierre.schmidt6997@example.it|WID169|4|ÔéČ145,85|ÔéČ705,94|carte_bancaire|ES|21%|ÔéČ122,52
EU520665|12-03-2025|hans.rossi1940@example.it|WID191|5|ÔéČ137,18|ÔéČ829,94|bank_transfer|ES|21%|ÔéČ144,04
EU522541|12-03-2025|lucia.de_vries4723@example.it|WID110|5|ÔéČ40,57|ÔéČ241,38|bank_transfer|DE|19%|ÔéČ38,54
EU518380|12-03-2025|anna.rossi285@example.it|WID169|2|ÔéČ171,24|ÔéČ417,83|carte_bancaire|IT|22%|ÔéČ75,35
EU522533|12-03-2025|pierre.garcia3848@example.de|WID162|3|ÔéČ291,41|ÔéČ1040,32|credit_card|DE|19%|ÔéČ166,10
EU515950|12-03-2025|jan.garcia361@example.it|WID157|2|ÔéČ34,22|ÔéČ81,43|bank_transfer|DE|19%|ÔéČ13,00
EU516336|12-03-2025|anna.dupont7840@example.fr|WID125|1|ÔéČ53,25|ÔéČ63,90|bank_transfer|FR|20%|ÔéČ10,65
EU515495|12-03-2025|marie.de_vries3099@example.es|WID110|2|ÔéČ241,49|ÔéČ584,41|bank_transfer|ES|21%|ÔéČ101,43
EU519080|12-03-2025|lucia.garcia142@example.it|WID106|4|ÔéČ22,64|ÔéČ108,66|bank_transfer|FR|20%|ÔéČ18,11
EU517473|12-03-2025|jan.dupont3885@example.de|WID174|5|ÔéČ6,15|ÔéČ37,22|bank_transfer|ES|21%|ÔéČ6,46
EU517837|12-03-2025|jan.garcia8113@example.it|WID164|1|ÔéČ211,05|ÔéČ255,37|paypal|NL|21%|ÔéČ44,32
EU517806|12-03-2025|jan.garcia7763@example.nl|WID123|3|ÔéČ149,41|ÔéČ533,38|bank_transfer|DE|19%|ÔéČ85,16
EU519384|12-03-2025|anna.schmidt8772@example.it|WID157|2|ÔéČ195,00|ÔéČ475,80|paypal|IT|22%|ÔéČ85,80
EU516612|12-03-2025|anna.garcia8752@example.es|WID146|5|ÔéČ291,34|ÔéČ1748,04|bank_transfer|FR|20%|ÔéČ291,34
EU520318|12-03-2025|carlos.de_vries2491@example.it|WID112|2|ÔéČ184,00|ÔéČ441,61|carte_bancaire|FR|20%|ÔéČ73,60
EU517548|12-03-2025|lucia.garcia5131@example.fr|WID194|4|ÔéČ76,65|ÔéČ370,97|paypal|NL|21%|ÔéČ64,38
EU515772|12-03-2025|sofia.garcia7646@example.es|WID151|5|ÔéČ80,13|ÔéČ484,76|paypal|ES|21%|ÔéČ84,13
EU522399|12-03-2025|anna.de_vries8102@example.de|WID134|5|ÔéČ292,79|ÔéČ1742,12|credit_card|DE|19%|ÔéČ278,15
EU517711|12-03-2025|pierre.rossi2853@example.es|WID157|5|ÔéČ135,59|ÔéČ820,34|paypal|ES|21%|ÔéČ142,37
EU522197|12-03-2025|anna.rossi6401@example.it|WID137|4|ÔéČ32,90|ÔéČ157,93|credit_card|FR|20%|ÔéČ26,32
EU517894|12-03-2025|marie.garcia6263@example.de|WID171|3|ÔéČ275,60|ÔéČ1008,70|paypal|IT|22%|ÔéČ181,90
EU517213|12-03-2025|carlos.schmidt50@example.it|WID179|2|ÔéČ29,08|ÔéČ70,37|paypal|ES|21%|ÔéČ12,21
EU519074|12-03-2025|pierre.dupont8490@example.it|WID165|5|ÔéČ129,14|ÔéČ768,38|carte_bancaire|DE|19%|ÔéČ122,68
EU515811|12-03-2025|lucia.dupont2554@example.it|WID142|2|ÔéČ67,49|ÔéČ163,33|paypal|ES|21%|ÔéČ28,35
EU521266|12-03-2025|pierre.schmidt234@example.nl|WID131|4|ÔéČ17,36|ÔéČ84,03|bank_transfer|NL|21%|ÔéČ14,58
EU518268|12-03-2025|carlos.garcia6002@example.de|WID197|2|ÔéČ203,20|ÔéČ487,69|bank_transfer|FR|20%|ÔéČ81,28
EU518836|12-03-2025|carlos.schmidt3562@example.es|WID183|2|ÔéČ233,65|ÔéČ565,43|bank_transfer|ES|21%|ÔéČ98,13
EU519075|12-03-2025|marie.dupont7031@example.es|WID104|2|ÔéČ261,97|ÔéČ633,96|credit_card|ES|21%|ÔéČ110,03
EU516246|12-03-2025|lucia.garcia4674@example.it|WID102|1|ÔéČ251,68|ÔéČ304,54|bank_transfer|NL|21%|ÔéČ52,85
EU517912|12-03-2025|jan.rossi6735@example.fr|WID100|5|ÔéČ51,49|ÔéČ308,91|bank_transfer|FR|20%|ÔéČ51,49
EU520830|12-03-2025|sofia.schmidt51@example.de|WID109|2|ÔéČ238,60|ÔéČ577,42|carte_bancaire|ES|21%|ÔéČ100,21
EU519435|12-03-2025|pierre.rossi3812@example.es|WID171|3|ÔéČ185,86|ÔéČ663,52|bank_transfer|DE|19%|ÔéČ105,94
EU516209|12-03-2025|sofia.garcia5269@example.de|WID156|3|ÔéČ99,46|ÔéČ355,06|paypal|DE|19%|ÔéČ56,69
EU517388|12-03-2025|pierre.de_vries3802@example.de|WID187|4|ÔéČ11,38|ÔéČ55,53|paypal|IT|22%|ÔéČ10,01
EU521296|12-03-2025|hans.garcia100@example.nl|WID136|4|ÔéČ236,09|ÔéČ1142,65|credit_card|ES|21%|ÔéČ198,31
EU519958|12-03-2025|hans.garcia3585@example.es|WID153|4|ÔéČ6,30|ÔéČ30,48|carte_bancaire|ES|21%|ÔéČ5,29
EU521996|12-03-2025|anna.garcia1717@example.es|WID110|5|ÔéČ64,07|ÔéČ390,84|bank_transfer|IT|22%|ÔéČ70,48
EU517079|12-03-2025|anna.de_vries45@example.it|WID145|5|ÔéČ95,18|ÔéČ566,35|carte_bancaire|DE|19%|ÔéČ90,43
EU520135|12-03-2025|lucia.garcia3701@example.es|WID136|4|ÔéČ219,15|ÔéČ1060,68|bank_transfer|NL|21%|ÔéČ184,09
EU522319|12-03-2025|hans.garcia9480@example.fr|WID124|5|ÔéČ206,99|ÔéČ1252,30|paypal|NL|21%|ÔéČ217,34
EU522453|12-03-2025|lucia.schmidt2245@example.it|WID181|4|ÔéČ19,61|ÔéČ94,91|bank_transfer|ES|21%|ÔéČ16,47
EU519423|12-03-2025|marie.schmidt3882@example.de|WID115|3|ÔéČ292,40|ÔéČ1061,41|paypal|ES|21%|ÔéČ184,21
EU515448|12-03-2025|pierre.de_vries343@example.it|WID161|4|ÔéČ151,44|ÔéČ732,97|bank_transfer|ES|21%|ÔéČ127,21
EU522154|12-03-2025|jan.garcia21@example.it|WID139|3|ÔéČ258,62|ÔéČ923,29|carte_bancaire|DE|19%|ÔéČ147,42
EU515236|12-03-2025|pierre.de_vries6149@example.fr|WID165|3|ÔéČ104,46|ÔéČ372,91|paypal|DE|19%|ÔéČ59,54
EU517157|12-03-2025|anna.garcia3380@example.de|WID106|2|ÔéČ283,41|ÔéČ674,53|paypal|DE|19%|ÔéČ107,70
EU517651|12-03-2025|marie.dupont2884@example.it|WID134|1|ÔéČ24,75|ÔéČ29,69|carte_bancaire|FR|20%|ÔéČ4,95
EU520955|12-03-2025|pierre.rossi8849@example.de|WID183|1|ÔéČ9,47|ÔéČ11,36|credit_card|FR|20%|ÔéČ1,89
EU515467|12-03-2025|hans.dupont2257@example.de|WID131|3|ÔéČ102,84|ÔéČ376,38|credit_card|IT|22%|ÔéČ67,87
EU518813|12-03-2025|marie.dupont6393@example.de|WID199|2|ÔéČ236,21|ÔéČ571,62|bank_transfer|ES|21%|ÔéČ99,21
EU521431|12-03-2025|sofia.rossi3192@example.es|WID160|3|ÔéČ47,69|ÔéČ173,12|bank_transfer|ES|21%|ÔéČ30,05
EU520092|12-03-2025|marie.de_vries2591@example.es|WID140|3|ÔéČ101,03|ÔéČ363,70|paypal|FR|20%|ÔéČ60,62
EU521424|12-03-2025|lucia.rossi6638@example.nl|WID157|3|ÔéČ237,52|ÔéČ862,20|paypal|NL|21%|ÔéČ149,64
EU518225|12-03-2025|jan.rossi1741@example.nl|WID158|5|ÔéČ212,33|ÔéČ1284,57|paypal|NL|21%|ÔéČ222,94
EU521261|12-03-2025|pierre.dupont3919@example.es|WID175|4|ÔéČ272,02|ÔéČ1327,45|bank_transfer|IT|22%|ÔéČ239,38
EU520284|12-03-2025|jan.dupont5081@example.nl|WID146|2|ÔéČ186,43|ÔéČ443,69|bank_transfer|DE|19%|ÔéČ70,84
EU519792|12-03-2025|hans.dupont9189@example.fr|WID188|2|ÔéČ269,48|ÔéČ657,52|bank_transfer|IT|22%|ÔéČ118,57
EU517344|12-03-2025|carlos.schmidt2026@example.nl|WID157|4|ÔéČ206,26|ÔéČ998,30|bank_transfer|ES|21%|ÔéČ173,26
EU517202|12-03-2025|sofia.schmidt2476@example.es|WID138|3|ÔéČ270,00|ÔéČ980,10|paypal|ES|21%|ÔéČ170,10
EU518802|12-03-2025|pierre.schmidt1669@example.nl|WID170|2|ÔéČ294,45|ÔéČ712,58|credit_card|ES|21%|ÔéČ123,67
EU515580|12-03-2025|anna.rossi7510@example.nl|WID103|1|ÔéČ273,83|ÔéČ331,34|credit_card|ES|21%|ÔéČ57,50
EU520066|12-03-2025|sofia.de_vries9813@example.es|WID198|2|ÔéČ254,44|ÔéČ615,75|bank_transfer|NL|21%|ÔéČ106,86
EU516388|12-03-2025|lucia.schmidt2159@example.nl|WID162|4|ÔéČ39,76|ÔéČ192,42|credit_card|ES|21%|ÔéČ33,40
EU517989|12-03-2025|marie.de_vries7731@example.nl|WID101|2|ÔéČ146,47|ÔéČ351,53|carte_bancaire|FR|20%|ÔéČ58,59
EU518507|12-03-2025|hans.schmidt6208@example.de|WID155|2|ÔéČ42,24|ÔéČ100,54|credit_card|DE|19%|ÔéČ16,05
EU520089|12-03-2025|sofia.schmidt7124@example.nl|WID137|5|ÔéČ71,76|ÔéČ426,98|carte_bancaire|DE|19%|ÔéČ68,17
EU519620|12-03-2025|anna.rossi2397@example.it|WID179|2|ÔéČ45,59|ÔéČ111,23|paypal|IT|22%|ÔéČ20,06
EU520143|12-03-2025|hans.rossi2216@example.it|WID164|1|ÔéČ285,34|ÔéČ342,41|carte_bancaire|FR|20%|ÔéČ57,07
EU519542|12-03-2025|marie.rossi9710@example.it|WID114|2|ÔéČ108,85|ÔéČ261,25|paypal|FR|20%|ÔéČ43,54
EU517007|12-03-2025|jan.schmidt5801@example.es|WID187|2|ÔéČ22,53|ÔéČ53,63|credit_card|DE|19%|ÔéČ8,56
EU515530|12-03-2025|jan.dupont3131@example.es|WID162|2|ÔéČ144,64|ÔéČ352,93|carte_bancaire|IT|22%|ÔéČ63,64
EU521269|12-03-2025|hans.schmidt3692@example.nl|WID176|3|ÔéČ116,22|ÔéČ421,88|paypal|NL|21%|ÔéČ73,22
EU516373|12-03-2025|lucia.rossi76@example.de|WID135|4|ÔéČ231,01|ÔéČ1127,33|credit_card|IT|22%|ÔéČ203,29
EU521460|12-03-2025|jan.dupont5688@example.it|WID154|2|ÔéČ97,62|ÔéČ232,33|bank_transfer|DE|19%|ÔéČ37,10
EU516020|12-03-2025|carlos.garcia1380@example.fr|WID174|3|ÔéČ179,87|ÔéČ652,94|bank_transfer|NL|21%|ÔéČ113,32
EU522012|12-03-2025|anna.rossi5617@example.it|WID140|3|ÔéČ103,78|ÔéČ376,74|paypal|ES|21%|ÔéČ65,38
EU516690|12-03-2025|sofia.schmidt1096@example.de|WID110|3|ÔéČ121,09|ÔéČ443,18|paypal|IT|22%|ÔéČ79,92
EU517126|12-03-2025|marie.de_vries2266@example.fr|WID159|1|ÔéČ197,20|ÔéČ238,61|credit_card|ES|21%|ÔéČ41,41
EU517812|12-03-2025|anna.schmidt1034@example.es|WID126|5|ÔéČ80,21|ÔéČ481,23|paypal|FR|20%|ÔéČ80,21
EU520855|12-03-2025|sofia.rossi9848@example.fr|WID164|1|ÔéČ101,50|ÔéČ120,79|bank_transfer|DE|19%|ÔéČ19,29
EU515532|12-03-2025|lucia.garcia1387@example.fr|WID168|4|ÔéČ25,69|ÔéČ124,34|paypal|ES|21%|ÔéČ21,58
EU517737|12-03-2025|marie.de_vries1497@example.it|WID172|2|ÔéČ106,54|ÔéČ257,82|credit_card|ES|21%|ÔéČ44,74
EU520214|12-03-2025|pierre.dupont2246@example.nl|WID183|5|ÔéČ224,92|ÔéČ1338,27|bank_transfer|DE|19%|ÔéČ213,67
EU520772|12-03-2025|carlos.dupont6412@example.it|WID187|2|ÔéČ42,28|ÔéČ101,47|paypal|FR|20%|ÔéČ16,91
EU517720|12-03-2025|lucia.rossi4046@example.nl|WID182|3|ÔéČ176,74|ÔéČ641,57|paypal|ES|21%|ÔéČ111,35
EU519952|12-03-2025|marie.garcia2517@example.it|WID146|3|ÔéČ44,19|ÔéČ159,07|carte_bancaire|FR|20%|ÔéČ26,51
EU515320|12-03-2025|hans.rossi6041@example.it|WID111|3|ÔéČ37,66|ÔéČ136,69|carte_bancaire|NL|21%|ÔéČ23,72
EU517209|12-03-2025|carlos.garcia1310@example.fr|WID144|1|ÔéČ230,46|ÔéČ276,55|bank_transfer|FR|20%|ÔéČ46,09
EU517910|12-03-2025|jan.rossi62@example.es|WID159|2|ÔéČ100,08|ÔéČ242,19|credit_card|ES|21%|ÔéČ42,03
EU517786|12-03-2025|pierre.schmidt4779@example.nl|WID166|3|ÔéČ122,17|ÔéČ439,81|bank_transfer|FR|20%|ÔéČ73,30
EU515705|12-03-2025|hans.rossi8185@example.fr|WID118|2|ÔéČ93,11|ÔéČ223,46|carte_bancaire|FR|20%|ÔéČ37,24
EU516513|12-03-2025|marie.garcia9184@example.it|WID131|2|ÔéČ165,24|ÔéČ399,89|carte_bancaire|NL|21%|ÔéČ69,40
EU515902|12-03-2025|marie.dupont8864@example.it|WID182|2|ÔéČ188,01|ÔéČ447,47|carte_bancaire|DE|19%|ÔéČ71,44
EU517193|12-03-2025|anna.dupont5151@example.fr|WID186|4|ÔéČ14,33|ÔéČ68,79|bank_transfer|FR|20%|ÔéČ11,46
EU520865|12-03-2025|sofia.schmidt3170@example.de|WID121|2|ÔéČ13,20|ÔéČ31,93|paypal|NL|21%|ÔéČ5,54
EU521373|12-03-2025|sofia.rossi2358@example.de|WID179|3|ÔéČ265,66|ÔéČ948,40|carte_bancaire|DE|19%|ÔéČ151,43
EU517567|12-03-2025|carlos.dupont2303@example.nl|WID104|2|ÔéČ105,28|ÔéČ252,68|bank_transfer|FR|20%|ÔéČ42,11
EU521952|12-03-2025|lucia.de_vries2021@example.es|WID132|2|ÔéČ247,17|ÔéČ598,15|bank_transfer|ES|21%|ÔéČ103,81
EU520813|12-03-2025|hans.dupont750@example.fr|WID106|2|ÔéČ5,94|ÔéČ14,14|credit_card|DE|19%|ÔéČ2,26
EU515694|12-03-2025|jan.dupont4093@example.es|WID156|3|ÔéČ18,15|ÔéČ65,89|carte_bancaire|NL|21%|ÔéČ11,44
EU520147|12-03-2025|carlos.rossi561@example.fr|WID117|1|ÔéČ278,72|ÔéČ334,47|carte_bancaire|FR|20%|ÔéČ55,74
EU520279|12-03-2025|pierre.dupont9272@example.it|WID123|3|ÔéČ245,48|ÔéČ883,72|credit_card|FR|20%|ÔéČ147,29
EU521781|12-03-2025|sofia.rossi5487@example.nl|WID159|5|ÔéČ141,31|ÔéČ854,94|carte_bancaire|NL|21%|ÔéČ148,38
EU520849|12-03-2025|lucia.de_vries1055@example.nl|WID103|2|ÔéČ131,79|ÔéČ318,93|paypal|ES|21%|ÔéČ55,35
EU519165|12-03-2025|sofia.dupont1339@example.de|WID102|2|ÔéČ286,12|ÔéČ692,41|credit_card|ES|21%|ÔéČ120,17
EU522296|12-03-2025|anna.schmidt5134@example.nl|WID182|2|ÔéČ118,13|ÔéČ285,89|carte_bancaire|NL|21%|ÔéČ49,62
EU518942|12-03-2025|hans.schmidt926@example.fr|WID124|3|ÔéČ297,51|ÔéČ1062,12|carte_bancaire|DE|19%|ÔéČ169,58
EU521992|12-03-2025|jan.rossi1363@example.de|WID191|1|ÔéČ265,55|ÔéČ316,01|bank_transfer|DE|19%|ÔéČ50,45
EU521788|12-03-2025|jan.garcia3675@example.nl|WID153|3|ÔéČ231,88|ÔéČ848,68|bank_transfer|IT|22%|ÔéČ153,04
EU518390|12-03-2025|anna.rossi13@example.nl|WID164|3|ÔéČ158,87|ÔéČ571,92|bank_transfer|FR|20%|ÔéČ95,32
EU517569|12-03-2025|sofia.garcia8716@example.es|WID133|5|ÔéČ79,31|ÔéČ471,87|carte_bancaire|DE|19%|ÔéČ75,34
EU516755|12-03-2025|carlos.dupont2564@example.es|WID189|5|ÔéČ99,62|ÔéČ602,69|credit_card|ES|21%|ÔéČ104,60
EU515962|12-03-2025|lucia.dupont506@example.es|WID165|3|ÔéČ146,19|ÔéČ535,06|bank_transfer|IT|22%|ÔéČ96,49
EU521252|12-03-2025|anna.garcia8935@example.de|WID190|4|ÔéČ100,23|ÔéČ485,13|paypal|NL|21%|ÔéČ84,20
EU522088|12-03-2025|hans.dupont5935@example.fr|WID134|2|ÔéČ18,07|ÔéČ43,01|paypal|DE|19%|ÔéČ6,87
EU519933|12-03-2025|jan.dupont2593@example.fr|WID134|4|ÔéČ173,56|ÔéČ840,05|bank_transfer|NL|21%|ÔéČ145,79
EU515313|12-03-2025|carlos.garcia8136@example.es|WID135|2|ÔéČ223,11|ÔéČ544,38|paypal|IT|22%|ÔéČ98,17
EU518995|12-03-2025|lucia.rossi7375@example.it|WID111|1|ÔéČ79,86|ÔéČ95,03|credit_card|DE|19%|ÔéČ15,17
EU518143|12-03-2025|pierre.rossi8096@example.nl|WID171|1|ÔéČ218,90|ÔéČ267,06|paypal|IT|22%|ÔéČ48,16
EU521095|12-03-2025|hans.garcia5282@example.fr|WID196|4|ÔéČ15,40|ÔéČ73,92|credit_card|FR|20%|ÔéČ12,32
EU517347|12-03-2025|pierre.de_vries3876@example.fr|WID164|2|ÔéČ105,01|ÔéČ256,22|credit_card|IT|22%|ÔéČ46,20
EU516608|12-03-2025|carlos.dupont6110@example.nl|WID175|5|ÔéČ52,24|ÔéČ316,06|paypal|NL|21%|ÔéČ54,85
EU517011|12-03-2025|sofia.garcia8505@example.de|WID181|3|ÔéČ200,47|ÔéČ727,71|bank_transfer|ES|21%|ÔéČ126,30
EU521927|12-03-2025|jan.dupont7953@example.fr|WID166|5|ÔéČ15,83|ÔéČ95,80|paypal|NL|21%|ÔéČ16,63
EU518340|12-03-2025|lucia.schmidt1392@example.es|WID122|5|ÔéČ65,85|ÔéČ395,11|carte_bancaire|FR|20%|ÔéČ65,85
EU518771|12-03-2025|hans.garcia9529@example.es|WID163|5|ÔéČ297,78|ÔéČ1771,80|carte_bancaire|DE|19%|ÔéČ282,89
EU516773|12-03-2025|sofia.garcia6915@example.de|WID177|3|ÔéČ35,93|ÔéČ130,41|credit_card|NL|21%|ÔéČ22,63
EU517314|12-03-2025|marie.de_vries9677@example.nl|WID138|4|ÔéČ175,08|ÔéČ854,40|bank_transfer|IT|22%|ÔéČ154,07
EU518606|12-03-2025|jan.schmidt9550@example.fr|WID142|4|ÔéČ155,64|ÔéČ747,09|bank_transfer|FR|20%|ÔéČ124,52
EU517430|12-03-2025|pierre.dupont2101@example.nl|WID141|2|ÔéČ225,79|ÔéČ537,38|credit_card|DE|19%|ÔéČ85,80
EU520919|12-03-2025|sofia.garcia1749@example.es|WID148|5|ÔéČ287,65|ÔéČ1740,30|bank_transfer|NL|21%|ÔéČ302,04
